# 10 季节性施工
# 来源：《建筑施工手册（第六版）》PDF页1656-1736

--- PDF页1656 ---
1 0 
季节性施工
我国疆域幅员辽阔，东西跨越的经度为
60 多度，跨越
5 个时区，东西距离约为
5200km, 南北跨越的纬度近50 度，南北距离约为5500km, 气候条件非常复杂。
本章主要介绍冬期、雨期及高温暑期等极端气候条件下的施工方法，包含冬期、雨期
及暑期施工管理、地基基础、钢筋、混凝土、装配式混凝土结构、砌体、钢结构、钢－混
凝土组合结构、装饰、屋面、外保温、机电等丁程施工内容。
10. 1 
冬期施工措施与要求
在淮河秦岭（我国南北方的地理分界线）以北的广大地区，每年都有较长时间的负
温天气。在这些地区合理的利用冬期进行工程施工，对快速完成工程建设投资有重大的
意义。
10. 1. 1 
冬期施工管理措施与要求
10. 1. 1. 1 
冬期施工基本资料（气象资料）
1. 冬期施工期限划分原则
《建筑工程冬期施工规程》
JGJ/T 104~2011 规定，根据当地多年气象资料统计，当
室外日平均气温连续5d 稳定低于5°C 即进入冬期施工；当室外H 平均气温连续5d 高千
5°C 时即解除冬期施工。
2. 冬期施I起止时间
根据全国各地气象观测站2008 年~2019 年的气象资料统计，全国部分城市室外旬平
均气温稳定低于5°C 的起止B 期见表10-1 。
全国部分城市室外旬平均气温稳定低千S°C 的起止日期表
表10-1
序号
城市
起止时间
序号
城市
起止时间
1 
北京
11 月中旬~3 月上旬
7 
嫩江
10 月中旬~4 月上旬
2 
哈尔滨
10 月中旬~4 月上旬
8 
沈阳
11 月上旬~3 月下旬
3 
齐齐哈尔
10 月中旬~4 月上旬
9 
大连
11 月上旬~3 月中旬
4 
牡丹江
10 月中旬~4 月上旬
10 
丹东
11 月中旬~3 月下旬
5 
海伦
10 月中旬~4 月上旬
11 
锦州
11 月中旬~3 月下旬
6 
鸡西
10 月中旬~4 月上旬
12 
朝阳
11 月上旬~3 月下旬

--- PDF页1657 ---
10. 1 
冬期施工措施与要求
307 
续表
序号
城市
起止时间
序号
城市
起止时间
13 
营口
11 月中旬~3 月下旬
41 
西安
11 月下旬~2 月下旬
14 
本溪
11 月上旬~3 月下旬
42 
榆林
11 月上旬~3 月中旬
15 
银川
11 月上旬~3 月上旬
43 
汉中
12 月上旬~2 月上旬
16 
盐池
11 月上旬~3 月中旬
44 
济南
12 月中旬~2 月下旬
17 
拉萨
11 月上旬~3 月上旬
45 
滩坊
11 月下旬~3 月上旬
18 
昌都
11 月上旬~3 月中旬
46 
青岛
12 月上旬~3 月上旬
19 
那曲
9 月上旬~4 月中旬
47 
威海
12 月上旬~3 月下旬
20 
长春
11 月上旬~4 月上旬
48 
菏泽
12 月上旬~2 月中旬
21 
延吉
10 月下旬~4 月上旬
49 
曲阜
11 月下旬~2 月下旬
22 
延安
11 月中旬~3 月上旬
50 
西宁
10 月下旬~3 月下旬
23 
四平
11 月上旬~3 月下旬
51 
格尔木
10 月中旬~4 月中旬
24 
临江
11 月下旬~4 月上旬
52 
贵南
10 月中旬~4 月中旬
25 
上海
1 月中旬~2 月上旬
53 
玉树
10 月中旬~4 月上旬
26 
郑州
12 月上旬~2 月下旬
54 
敦煌
11 月上旬~3 月中旬
27 
安阳
11 月下旬~2 月下旬
55 
酒泉
10 月中旬~3 月下旬
28 
武汉
12 月下旬~1 月下旬
56 
武都
12 月中旬~2 月上旬
29 
呼和浩特
10 月下旬~3 月下旬
57 
天水
11 月下旬~2 月下旬
30 
海拉尔
10 月上旬~4 月上旬
58 
乌鲁木齐
11 月上旬~3 月下旬
31 
锡林浩特
10 月中旬~4 月上旬
59 
吐鲁番
11 月中旬~2 月下旬
32 
二连浩特
10 月下旬~4 月上旬
60 
哈密
11 月上旬~3 月中旬
33 
通辽
10 月下旬~3 月下旬
61 
伊宁
11 月上旬~3 月中旬
34 
长治
11 月上旬~3 月中旬
62 
徐州
12 月中旬~2 月下旬
35 
大同
10 月下旬~3 月中旬
63 
赣榆
12 月上旬~3 月上旬
36 
运城
11 月中旬~2 月下旬
64 
蚌埠
12 月中旬~3 月上旬
37 
天津
11 月下旬~3 月上旬
65 
安庆
1 月上旬~2 月上旬
38 
石家庄
11 月下旬~2 月下旬
66 
甘孜
10 月下旬~3 月下旬
39 
泊头
11 月中旬~2 月下旬
67 
理塘
10 月中旬~4 月中旬
40 
承德
11 月上旬~3 月中旬
3. 全国部分城市冬期旬平均气温
根据全国各地气象观测站2008~2019 年的气象资料统计，全国部分城市冬期分旬平
均气温见表10-2 。

--- PDF页1658 ---
全国部分城市冬期分旬平均气温表
C°C)
表10-2
1 月
2 月
3 月
4 月
9 月
10 月
11 月
12 月
城市名称气温类别
下旬
中旬
上旬
下旬
中旬
上旬
下旬
中旬
上旬
下旬
中旬
上旬
下旬
中旬
上旬
下旬
中旬
上旬
下旬
中旬
上旬
下旬
中旬
上旬
旬平均—17. 6 -15. 7 -15. 8 —12. 6 —15.0 —14. 8 2.4 
-3. 8 -9.0 13. 2 
10.2 
5. 3 
10. 7 
14. 6 
16.8 
3. 3 
7. 2 
9.6 
-8. 3 -4. 6 
1. 5 —13. 9 —14.0 —10. 2 
气温
阿勒泰
旬平均最—10. 7 —9.2 —9. 5 —5.6 —7. 7 -7. 7 
8. 7 
1. 4 
-1. 9 19. 8 
16. 5 
11. 7 
17. 6 
21. 5 
10.6 
8. 9 
13. 1 
16. 1 —2. 7 
0.0 
6. 8 
-8.1 —7. 9 -4. 2 
高气温
旬平均最—23. 2 -21. 0 -20. 8 ~1s. s —20. 6 —19. 9 —2.8 —8. 6 —14. 9 
6. 8 
4. 3 —0. 3 
4. 9 
8. 1 
9. 7 
~o. 7 
2.3 
1.6 
~12. 7 -8. 3 —2. 3 —19. 0 —18. 7 —15.0 
低气温
旬平均
4. 1 
4. 2 
4. 3 
8.4 
6. 2 
5. 2 
13. 4 
11. 9 
8. 4 
19. 1 
17.4 
15. 4 
22.4 
10. 4 
25.4 
16. 9 
19. 0 
20. 6 
9. 9 
11. 7 
11. 5 
4.8 
5. 6 
8. 1 
气温
安庆
旬平均最
7.9 
8. 1 
7. 8 
12. 2 
10. 1 
9. 1 
18.4 
16.6 
12. 9 
23.8 
22. 1 
20. 3 
26.2 
28. 6 
29. 3 
20. 8 
23.2 
10. 8 
14. 1 
15. 4 
19. 1 
8.9 
9. 3 
12.6 
高气温
旬平均最
1.1 
1. 3 
1.5 
5. 5 
3.0 
z. z 
9.2 
8.4 
5. 1 
15. 1 
13. 6 
11. 4 
19.5 
21. 3 
22. 6 
13. 8 
15.5 
17. 1 
6. 7 
8.8 
11. 1 
1. 6 
2. 6 
4. 5 
低气温
旬平均
—0. 8 —0. 7 -1.2 
4. 9 
2. 7 
0. 6 
12.2 
9.8 
6. 2 
18. 1 
15. 8 
13. 7 
19. 6 
21. 0 
22.4 
12. 7 
16. 2 
18. 0 
4. 0 
6. 6 
10. 5 -o. 1 
0. 6 
2. 9 
气温
安阳
旬平均最
4.6 
4. 7 
3. 8 
10. 7 
8.2 
5. 9 
18. l 
16.0 
12.3 
23. 9 
21. 6 
20. 1 
25.4 
26. 7 
27.4 
18. 6 
22. 6 
10.2 
9. 6 
12.0 
16. 3 
6.2 
5.8 
8. 9 
高气温
旬平均最~4_ 9 —4. 7 ~s. o 
0. 7 —1.4 —3. 3 
6. 9 
4. 8 
1. 4 
12. 5 
10. 5 
8. 2 
15.3 
16. 8 
18.8 
8. 5 
11. 2 
13. 2 —0.2 
2.3 
6. 1 —4. 6 —3.3 —1.6 
低气温
旬平均
2. 1 
2. 1 
1. 9 
6. 7 
4.3 
3. l 
11. 9 
10. 5 
6. 9 
18.3 
16. 2 
13. 9 
20.8 
22. 6 
23. 7 
15. 2 
17.6 
19. 3 
7. 7 
9. 8 
12. 8 
2.4 
3. 5 
5. 7 
气温
蚌埠
旬平均最
7. 1 
7. 1 
6. 5 
11. 4 
9.4 
7. 8 
17. 5 
16.0 
12. 1 
23.8 
21. 8 
19. 7 
25.4 
27. 2 
27.8 
20. 1 
22.8 
10. 5 
12.4 
14.6 
17. 9 
7. 6 
8. 1 
11. 1 
高气温
旬平均最~1. 7 —1. 7 —1. 9 
2.8 
0. 3 
-o. 6 
7. 1 
5.8 
2. 8 
12. 9 
11. 4 
8. 8 
17. 6 
19.2 
20. 6 
11. 5 
13. 5 
15. 1 
4.0 
6.0 
8. 7 —1. 4 —0.2 
1.5 
低气温
旬平均
—3. 0 -3.0 -3.1 
2.0 
1.0 
-1.4 10.8 
7. 8 
4.2 
17. 5 
15. 3 
13. 5 
19. 1 
21. 8 
23.0 
11. 5 
14. 6 
16. 7 
2.3 
4. 9 
8. 2 
-2. 2 -1.2 
0. 7 
气温
北京
旬平均最
1.9 
2. 1 
1. 7 
7.3 
5. 3 
4.2 
16. 7 
13. 6 
9. 7 
23.4 
21. 3 
19.5 
10. 2 
26. 9 
27. 9 
16. 6 
20. 1 
22.0 
7. 0 
9. 6 
13. 8 
2. 7 
3.3 
5.5 
高气温
旬平均最—7. 4 —7. 0 -7. 0 —2. 7 —4. 7 -6.0 
4. 7 
2.2 —1. 1 11. 0 
9. 6 
7. 1 
14. 5 
17.0 
18. 9 
6.8 
9. 5 
11. 9 -2.1 
0. 6 
3. 3 
-6. 3 -4. 9 -3. 4 
低气温
30Oo 
lO 
喷
啡
宦
涂
卜

--- PDF页1659 ---
续表
1 月
2 月
3 月
4 月
9 月
10 月
11 月
12 月
城市名称气温类别
下旬
中旬
上旬
下旬
中旬
上旬
下旬
中旬
上旬
下旬
中旬
上旬
下旬
中旬
上旬
下旬
中旬
上旬
下旬
中旬
上旬
下旬
中旬
上旬
旬平均—11. 0 -11. 1 —11. 3 -3. 4 —6.6 —8.4 
4. 7 
1.8 —2.3 
13.0 
10. 3 
7.6 
15. 3 
18.2 
19. 4 
7. 3 
10. 5 
12. 6 —3. 1 
0. 1 
4. 7 
-9. 7 —8. 9 —5.4 
气温
本溪
旬平均最-4. 7 —4. 9 —5. 2 
2. 4 —0. 7 ~2.3 10.6 
7. 5 
3.2 
19. 2 
16.4 
13. 4 
22.0 
10.6 
25. 5 
13. 6 
17. 3 
19. 2 
2. 1 
4.8 
10.5 —3.9 —3. 7 —0. 1 
高气温
旬平均最—16. 3 -16. 0 —15. 9 ~s. 3 —11. 7 ~13. 4 —0.6 -2. 9 —6. 7 
7. 1 
4. 8 
2. 3 
10.2 
13. 1 
14.8 
2. 5 
5. 1 
7.3 —7. 2 -3. 8 
o. 3 -14. 2 -13. 2 —9.8 
低气温
旬平均
-2. 5 -2. 4 ~2. 9 
2.8 
0.9 —1. 1 11. 1 
8. 4 
4. 7 
17.3 
15.0 
13. 1 
19.6 
21. 6 
22. 9 
12. 1 
15.6 
17. 6 
2. 7 
5. 6 
9.4 
-1.7 —0.9 
1. 3 
气温
泊头
旬平均最
2. 8 
2. 9 
2. 3 
8. 2 
6. 5 
4. 4 
17. 3 
14. 8 
10. 9 
23. 5 
21. 2 
19. 6 
25.2 
26. 9 
27. 7 
17. 5 
21. 5 
23.4 
7. 8 
10. 9 
14. 9 
3. 5 
4. 2 
6. 4 
高气温
旬平均最~5_ 4 —6. 3 —6.8 -1.3 —3. 2 —5. 1 
5. 5 
3. 2 
-o. 3 
11. 5 
9. 7 
7. 6 
15.3 
17.2 
19. 1 
7. 8 
10. 9 
13. 1 
一-1. 1 
1.5 
5. 2 
~s. 6 —4. 5 —2. 5 
低气温
旬平均
—0.5 —1. 7 —l. 7 
2. 8 
2.4 
1. 5 
6.4 
4. 7 
3. 9 
9. 2 
8.5 
7. 4 
12.8 
13. 9 
14.4 
6.5 
9.0 
10.6 
1. 7 
3. 7 
4.2 
-1.6 —0. 5 
0. 5 
气温
昌都
旬平均最
9. 9 
9.0 
8. 3 
11. 3 
11. 4 
11. 9 
15.0 
13.4 
12.3 
17. 1 
17. 1 
15. 8 
21. 4 
22.4 
22. 3 
15. 8 
18. 2 
19. 3 
12. 7 
14.4 
14.0 
9.6 
10. 5 
12.4 
高气温
旬平均最—8.8 —10.2 -9. 5 -4. 3 —5. 3 ~7, 0 —0. 6 —2. 5 —3. 1 
3. 5 
2.0 
1. 1 
7. 1 
8. 3 
9. 2 
~o.4 
2. 5 
4. 7 
-6.1 -1. 2 —2. 9 -9. 6 -8. 3 —7.8 
低气温
旬平均
-3. Z —3.2 -3. 3 
1. 9 
-0.1 —1. 3 
10. 8 
7. 6 
4.0 
17. 5 
15. 5 
13. 4 
18. 7 
21. 4 
23. 0 
10. 9 
14.2 
16. 2 
1. 8 
4.4 
7. 6 —2.4 —1. 4 
0.4 
气温
朝阳
旬平均最
1. 8 
2. 1 
I. 8 
7. 2 
5. 3 
4. 2 
16.5 
13. 5 
9. 7 
23.4 
21. 2 
19.5 
10. 1 
27. 1 
28. 1 
16. 4 
20. 1 
21. 9 
7. 1 
9. 5 
13. 9 
2. 7 
3.4 
5.4 
高气温
旬平均最-7. 5 -7. 5 -7. 4 ~3_ 0 —4.9 —6.2 
4. 4 
1. 6 —1.5 
10. 8 
9.4 
6.8 
13. 9 
16. 4 
18. 5 
6. 1 
8.8 
11. 3 -2. 8 —0. 1 
2.4 
-6. 7 —5.3 -3. 9 
低气温
旬平均
~9_ 2 —9. 1 -9. 5 ~2. 3 —4.9 —6.8 
6. 9 
3. 6 —0.4 
13. 9 
12.0 
9. 3 
14. 5 
17.2 
19. 0 
6. 5 
9. 7 
12.0 —3.8 -o. 5 
3. 6 
-9. 0 —7. 7 -5. 5 
气温
承德
旬平均最—1. 7 —1. 9 -2. 2 
4. 8 
2.4 
0. 6 
15.0 
12.0 
7.2 
21. 9 
19.8 
17.3 
22. 2 
25. 1 
26. 1 
13.8 
18. 0 
19.8 
3. 2 
6.0 
11. 4 —1. 7 —1.1 
1.2 
高气温
旬平均最~]4.8 -14. 5 -14. 7 -8. 1 -10. 9 ~12. 8 —0.4 —3. 4 -6. 8 
6. 3 
5.0 
1. 8 
8. 5 
11. 2 
13. 9 
1.0 
3.5 
6.0 
-9. 0 —5.4 -2. 2 -14. 3 —12.6 —10. 4 
低气温
10. 
1 
怜
湮
淙
h
誰
豁
如
冷
衿
309 

--- PDF页1660 ---
续表
1 月
2 月
3 月
4 月
9 月
10 月
11 月
12 月
城市名称气温类别
下旬
中旬
上旬
下旬
中旬
上旬
下旬
中旬
上旬
下旬
中旬
上旬
下旬
中旬
上旬
下旬
中旬
上旬
下旬
中旬
上旬
下旬
中旬
上旬
旬平均—10. 4 -12. 4 -11. 9 ~s. g -7.1 —7. 7 -2. 3 —3. 7 —5. 2 
1.9 
0.8 —0. 3 
5.8 
7. 2 
7. 6 
~]. 2 
1.0 
3.0 —7. 2 -5. 1 ~3, 7 —11. 5 —10. 1 -8. 4 
气温
达H
旬平均最~1. 0 —2. 5 —2. 5 
2. 2 
]. 2 
1. 6 
5. 7 
4. 6 
2. 5 
8. 7 
8. 3 
7. 0 
12. 9 
14.6 
14. 5 
6. 1 
8.2 
10.2 
1. 7 
3. 8 
4. 3 —1. 6 —0. 2 
1.8 
高气温
旬平均最—18.5 -20. 3 -19. 3 —13.3 —14.2 ~1s. s -8. 7 ~10. 2 —12. 1 ~3_ 5 —5. 1 —5. 9 
1.4 
2. 3 
3.0 —6. 1 -3. 6 —1.6 —14. 1 —11. 7 —9. 3 —19. 0 —17. 6 —16. 2 
低气温
旬平均
—9.8 -12. 0 -12. 0 —4. 7 —7. 3 ~6. 9 
0. 7 —1. 3 —4. 1 
6.3 
4.6 
2. 7 
8. 7 
11. 1 
12. 0 
0.0 
3. 1 
6. 1 
~7.1 ~4_ 7 -2.1 -] ]. 6 —10. 5 —-8.2 
气温
大柴曰
旬平均最—1.0 -3. 2 -3. 3 
2. 6 
0.6 
1.8 
8. 7 
6. 9 
3.5 
13. 5 
12.0 
10.3 
15. 6 
18. 1 
18. 4 
8.0 
11. 1 
14. 1 
1. 1 
3.4 
6. 1 
-3. 0 ~1. 7 
0. 8 
高气温
旬平均最—17. 7 —19.4 -18. 9 —11. 6 —14. 5 -14. 5 ~5. 8 -8. 8 ~11. 2 —1. 7 ~2. 5 —4. 6 
2. 5 
4. 9 
6. 1 —6. 7 —4. 1 —1. 1 —13. 7 -]l. 5 —9. 1 —18. 7 —17. 3 -15. 4 
低气温
旬平均
—4. 2 -3. 6 —3. 7 
0. 4 
-1. 5 -2. 9 
6. 6 
4. 2 
1.0 
13.4 
10. 6 
8.5 
18. 9 
21. 3 
22.3 
11. 7 
15.0 
16. 6 
3. 2 
5. 6 
9. 2 
~2. 2 -1.5 
1.5 
气温
大连
旬平均最—0.9 —0.2 —0. 5 
4. 1 
1. 9 
0.4 
10. 8 
8.3 
4.8 
17. 5 
14. 7 
12.8 
22. 3 
10. 7 
25.6 
15.3 
18. 5 
19.9 
6. 7 
8. 6 
12.5 
1.2 
1. 7 
4.9 
高气温
旬平均最-7.1 —6. 3 —6. 2 —2. 2 —4. 2 —5. 6 
3.3 
1. 2 
-1.7 10.0 
7.2 
5.2 
16. 1 
18.5 
19. 8 
8. 8 
12. 1 
13. 6 
0. 2 
2. 7 
6.3 
-5. 2 -4. 3 —1. 6 
低气温
旬平均—10. 7 -10. 7 -ll.O -3. 5 ~6. 4 —8. 3 
4. 6 
2. 3 —2. 6 12. 1 
10. 4 
6. 9 
12.9 
15.3 
16. 3 
5. 1 
8. 2 
10.6 —4. 5 —1.8 
2. 3 —10. l ~g_ 0 -6. 4 
气温
大同
旬平均最-2. 2 -2. 2 -3. 3 
4.8 
1.6 —0. 1 
12. 5 
10. 9 
5. 6 
20. 1 
18. 5 
15. 0 
20.4 
22. 9 
23. 2 
12.6 
16.4 
18. 6 
2.5 
5.2 
9. 7 —2. 5 —1. 6 
0. 5 
高气温
旬平均最—17. 3 —17. 4 ~16. 9 -10. 6 —13. 2 —14. 6 -3. 2 —5. 3 -9. 6 
3.5 
2. 3 —0. 9 
6.4 
8. 9 
10.4 -o. 7 
1. 3 
4. 1 ~10. 2 —7.2 -3. 5 -16. 1 —14. 6 —11. 9 
低气温
旬平均
—7. 6 ~7, 6 —7. 2 ~1. 3 —4.2 -5. 8 
4.3 
2.5 
-o. 3 11. 9 
9. 2 
6. 6 
16.5 
19.4 
20. 7 
9.3 
12.0 
14. 0 ~o. 6 
2.4 
7.0 —7. 0 —5. 9 ~3_ 3 
气温
丹东
旬平均最—2. 4 —2. 6 —2. 1 
3. 5 
1. 2 —0.4 10.0 
7. 8 
4. 8 
17. 6 
14. 8 
12. 1 
22.8 
25. 1 
26.0 
15. 3 
18.0 
20. 1 
4.0 
6. 9 
12.2 -2. 3 —1. 4 
1. 3 
高气温
旬平均最—11. 8 -11. 6 -11. 0 —5.4 -8. 7 —10. 0 —0. 5 —1. 9 ~4. 5 
6. 9 
4. 5 
2.0 
11. 9 
15. 1 
16. 8 
4.8 
7.0 
9.2 —4. 3 -1. 2 
2. 9 —10.8 -9. 6 -7. 2 
低气温
310 
lO 
喷
啡
宦
淙
H

--- PDF页1661 ---
续表
1 月
2 月
3 月
4 月
9 月
10 月
11 月
12 月
城市名称气温类别
下旬
中旬
上旬
下旬
中旬
上旬
下旬
中旬
上旬
下旬
中旬
上旬
下旬
中旬
上旬
下旬
中旬
上旬
下旬
中旬
上旬
下旬
中旬
上旬
旬平均
2. 2 
2. 3 
2. 3 
6. 5 
4.0 
3. 1 
10. 5 
9.4 
6. 2 
17.0 
14. 6 
12. 6 
21. 6 
23. 1 
10.2 
16. 1 
17. 9 
19.4 
8. 7 
10.8 
13. 7 
2. 9 
3. 9 
6. 0 
气温
东台
旬平均最
6. 6 
6. 9 
6.6 
10.8 
8.6 
7. 4 
15. 9 
14.8 
11. l 
22. 7 
19.9 
18. 3 
25. 7 
27. 2 
28.3 
20.6 
22. 7 
10. 1 
13.4 
15. 2 
18. 6 
7. 5 
8.4 
11. 0 
高气温
旬平均最—1.3 —1.3 —1.1 
3. 1 
0. 3 —0.2 
6.0 
5.2 
2.5 
11. 9 
10. 2 
8.0 
18. 5 
19. 9 
21. 1 
12.4 
14.0 
15. 6 
5. 1 
7. 1 
10.0 -o. 7 
0. 5 
2. 1 
低气温
旬平均
—8. 0 —9. 9 —9. 9 —3. 3 —5. 9 —5.0 
1. 6 
0. 1 
-2. 7 
6. 6 
5.4 
3. 7 
8. 5 
10.8 
11. 2 
1.1 
3.8 
6. 7 —5. 6 -3. 3 -o. 5 ~g_ 9 -8. 7 -6. 2 
气温
都兰
旬平均最—0. 3 
一-2. 3 —2.5 
3.4 
1. 3 
2. 9 
8. 6 
7.4 
3. 9 
13. 5 
12. 3 
10. 7 
15. 5 
18.3 
18.2 
8.5 
11. 2 
14. 2 
2. 1 
4.0 
6. 8 
-2. 2 —1.0 
1. 9 
高气温
旬平均最-13. 8 -15. 4 -15.1 —8. 9 —11. 6 —11. 0 —4. 3 —5.9 —8.2 -o. 7 —o. 7 
一-2. 6 
2.9 
4. 6 
5. 4 —3. 8 —1. 7 
0.5 —10. 5 —7.9 —5.4 —15. 1 —13. 8 —11. 6 
低气温
旬平均
—7. 5 -8.1 —8. 6 
1. 1 —2.8 —4. 1 
9. 9 
6. 6 
z. 7 
16. 7 
14. 1 
11. 6 
15. 5 
18.4 
19.8 
6.8 
9.8 
12.8 ~1. 7 
0. 9 
4.5 
-8.1 —6. 1 -3. 0 
气温
敦煌
旬平均最
0. 1 
-o. 6 -1. 4 
9.3 
5. 6 
3. 5 
18. 7 
15.5 
11. 1 
25. 6 
22. 6 
20.3 
25. 7 
27. 9 
28.4 
16. 3 
20. 7 
23. 5 
5.8 
8.8 
13. 2 ~1. 1 
0.5 
4.3 
高气温
旬平均最-13. 6 -14. 6 —14.6 ~s. 7 —10.0 -10.1 
1. 9 
-o. 8 ~4_ 5 
8. 0 
6. 2 
3. 5 
8.0 
10. 5 
12. 3 
~o. 2 
1.8 
4.8 
-7. 5 —5. 2 -2. 2 -14. 0 —11. 6 -8. 9 
低气温
旬平均—17.0 —17. 2 -18. 4 ~s. s —11. 9 —14. 1 
2. 0 
-1. 4 —6.8 
10. 9 
8.4 
4. 6 
12. 3 
16.0 
17. 6 
2. 7 
6. 6 
9. 9 —9. 7 —6.4 —0.8 —15. 7 -14. 5 ~11. 5 
气温
二连
旬平均最~g, 0 —9.8 —11. 4 -o. 3 —3.2 —5.9 10.2 
7.5 
1. 7 
18. 7 
16. 3 
12. 3 
20. 1 
23. 5 
10. 7 
10. 2 
14. 7 
17. 2 —2. 8 
o. 2 
6. 7 —9.0 —7. 9 —4.8 
浩特
高气温
旬平均最—22.8 ~22. 5 —23. 5 —15. 3 ~1s. s —20. 3 —5. 3 -9.0 -13. 7 3. 2 
0. 6 —2. 6 
5.8 
9. 1 
11. 4 -2. 8 
0. 2 
3.8 —14. 8 -11. 5 -6.0 -20. 8 —19. 6 -16. 3 
低气温
旬平均
-2. 5 —3. 7 -3. 3 
1. 3 
0. 6 
-0.3 
4. 8 
3.6 
2.4 
7.8 
7. 3 
6. 1 
11. 5 
12. 3 
13.0 
5. 4 
7. 3 
8. 8 
~1. 2 
1.9 
2.8 
~3_ 8 —2. 8 —2.3 
气温
甘孜
旬平均最
7. 6 
6. 3 
6. 3 
9.8 
9. 7 
9. 9 
13.0 
12. 3 
10. 7 
15.4 
15. 7 
14.2 
19. 2 
20.4 
20.4 
13. 9 
15.4 
16. 8 
8. 9 
12. 3 
12. 2 
6. 9 
7. 4 
8. 6 
高气温
旬平均最-9. 8 —10. 7 —10.2 -5.1 -6. 2 —7. 9 -1.5 -3. 2 —4. 1 
2.0 
0. 7 —o. 2 
6. 5 
7.2 
8. 1 
-o. 5 
1. 9 
3.8 
~s.o —5. 2 -3. 5 -10. 9 —9. 3 —9.4 
低气温
10. 
1 
怜
洼
涂
H
盏
淙
如
湘
祑
811 

--- PDF页1662 ---
续表
城市名称
1 月
2 月
3 月
4 月
9 月
10 月
11 月
12 月
气温类别
下旬
中旬
上旬
下旬
中旬
上旬
下旬
中旬
上旬
下旬
中旬
上旬
下旬
中旬
上旬
下旬
中旬
上旬
下旬
中旬
上旬
下旬
中旬
上旬
旬平均
-O. l —0.4 -o. 3 
4. 1 
2.4 
0. 9 
9.5 
8.0 
5. 1 
16. 7 
13.4 
12. 0 
20. 1 
22.0 
23. 1 
14. 0 
16. 6 
18. 2 
6. 1 
8. 5 
11. 7 
0. 7 
1. 6 
3. 9 
气温
赣榆
旬平均最
4. 6 
4. 9 
4. 7 
8. 2 
7. 2 
5. 6 
14.8 
13. 1 
10.4 
22.2 
18. 5 
17.8 
10. 3 
26.0 
26. 9 
19.0 
21. 7 
23.2 
11. 0 
13.4 
16. 7 
5. 7 
6. 5 
9.0 
高气温
旬平均最—4.0 -4. 7 —4. 2 
0.6 
-1.6 ~2. 9 
4. 6 
3. 4 
0. 6 
11. 4 
8. 9 
6. 7 
16.2 
18.3 
19. 5 
9.5 
11. 8 
B. 5 
1. 9 
4.2 
7.2 
-3. 2 ~z. 4 —0.4 
低气温
旬平均
-6. 0 —8.0 ~s. o —1.0 —3. 6 —3.4 
4. 7 
2. 7 
0. 1 
9. 9 
8. 4 
6.6 
11. 7 
13. 9 
14.5 
3.6 
6. 7 
9. 5 
-3. 7 --1. 2 
1.5 
~s. 3 —7.2 —4. 7 
气温
格尔木
旬平均最
1. 9 —0. 7 —1. 1 
6. 5 
3. 9 
5. 2 
12. 5 
10. 7 
7. 5 
17. 4 
15. 9 
14.3 
18. 6 
21. 1 
21. 1 
11. 4 
14.8 
17. 5 
3.8 
6. 5 
9.4 —1. 1 
0.0 
2. 9 
高气温
旬平均最—12. 1 —13. 7 —13. 2 -6. 8 ~g, 6 —9.8 —1. 5 —3. 8 —6.0 
3. 3 
2. 1 
0. 2 
6.4 
8.4 
9.4 
—1. 9 
0. 9 
3. 6 —9. 1 —6. 7 —4. 3 —13. 7 —12.3 —10.2 
低气温
旬平均
—9. 3 —10. 9 —10. 9 —3. 9 —6.4 —6.4 
1. 2 —0. 2 -3. 1 
6. 2 
5. 1 
3. 5 
7. 9 
10.0 
10. 5 
0. 9 
3. 3 
5. 9 
-6. 7 -4. 4 -1.7 -11. 3 —9.8 -7. 9 
气温
贵南
旬平均最
2. 2 
0.2 
~o. s 
6. 1 
3. 6 
4. 8 
10.4 
9.4 
6.3 
14.0 
13. 2 
12.2 
15.5 
17. 9 
18. 0 
10.2 
12. 3 
14.9 
4. 2 
6.2 
8. 7 
0. 1 
1. 1 
3. 8 
高气温
旬平均最—17. 1 -18. 2 -17. 7 —11. 2 —13.8 -14. 2 -6. 2 -7. 9 —10.3 —1.1 ~1. 8 —4. 3 
3. 1 
4. 1 
4.8 
~s.1 ~2. 5 -o. 4 —13.4 —10. 9 —8. 0 —18.6 —16. 7 —15. 2 
低气温
旬平均—17. 8 ~19, 1 -18. 1 —10.4 -13. 6 —15. 4 1.5 —3. 0 —8. 9 11. 4 
7.4 
4. 7 
13.2 
16. 3 
18.3 
3. 7 
7. 1 
10. 1 —9. 5 —5.4 
0.4 —17. 2 —15. 9 —12. 8 
气温
哈尔滨
旬平均最—12. 1 -13. 7 -12. 7 ~4_ 7 ~7_ 6 -9. 2 
7. 4 
2.3 
-3. 3 
17.6 
13. 4 
10.4 
19. 3 
22.5 
10. 0 
8. 9 
13. l 
16. 3 
~4_ 6 —1.4 
5.4 ~12. 3 -11. 2 —8. 0 
高气温
旬平均最—23. 1 —10. 1 -22. 7 —16. 2 —19.4 ~21. 3 —4.4 ~s. 4 —14. 6 5. 2 
1.8 —1.0 
7. 7 
10. 7 
13.2 -1.0 
1.7 
4.5 —13. 9 -9. 1 —4. 1 -21. 6 —20.3 -17.0 
低气温
旬平均
-9. 4 —10.4 -11. 2 0.0 —3. 9 -5. 4 10.4 
6. 5 
2. 1 
18.4 
15.8 
12. 7 
15. 7 
18. 9 
20.6 
6. 9 
10. 1 
13.3 —2. 8 
0. 1 
4. 5 -10. 3 —7.5 -4. 8 
气温
哈密
旬平均最—1. 9 -2. 9 —4. 1 
8. 1 
4.3 
2. 1 
18. 9 
14.5 
10. 8 
26. 6 
23. 6 
20.5 
26.0 
29.3 
30.2 
16. 4 
20. 9 
10. 0 
4.4 
7. 4 
12. 9 -3. 6 -0.2 
2. 7 
高气温
旬平均最-]5. 3 —16. 0 -]6. 6 —6. 8 ~10. 5 -11.4 
2. 5 —0. 5 -5. 4 
10. 1 
8.0 
5. 1 
8. 5 
11. 3 
13. 1 
0. 8 
2. 9 
6. 3 
-7. 7 —4.6 -1.2 —15. 2 -12. 5 —9. 9 
低气温
312 
10 
爷
哗
宦
祩
H

--- PDF页1663 ---
续表
1 月
2 月
3 月
4 月
9 月
10 月
11 月
12 月
城市名称气温类别
中旬
上旬
上旬
下旬
中旬
上旬
下旬
中旬
上旬
下旬
中旬
上旬
下旬
中旬
上旬
下旬
中旬
上旬
下旬
中旬
上旬
下旬
下旬
中旬
旬平均
~26. 3 —28. 0 —26. 7 —19. 5 —22.4 —23.8 -4. 9 -11. 4 —17.8 
7. 1 
2.9 —1. 2 
7.2 
12. 1 
14.0 ~2. 6 
1. 4 
4. 7 -17. 9 ~14. 1 -6. 4 —25. 1 —23. 5 —20.6 
气温
海拉尔
旬平均最—21. 1 —23. 3 —22. 3 —13. 3 —16.5 -18. 4 
1. 2 —4. 9 -11. 4 14.0 
9.2 
5.2 
14. 0 
19.2 
20. 6 
3.4 
8.0 
11. 5 -12. 8 -9. 4 —0.9 —20.8 —19.3 -15. 8 
高气温
旬平均最-30. 9 -32. 2 -30. 4 —25.0 —27. 7 —28. 7 —10. 6 —17. 6 —23. 7 0. 3 
-3. 3 -6. 7 
1. 6 
6. 0 
8. 3 —7.5 —3. 9 —1.1 -22. 2 -18. 4 -11. 0 -29. 2 ~27. 5 —10.8 
低气温
旬平均—22. 1 —23. 0 —22. 1 —14. 6 —17.6 -19. 5 -l.1 —6. 7 -12. 6 9. 4 
5. 1 
1. 9 
10.6 
14.2 
16.2 
1. 1 
4. 7 
7. 9 -13. 6 -9. 2 -2. 9 -21. 1 —20. 1 —17. 1 
气温
海伦
旬平均最—16. 7 -17. 9 -17. 4 —8. 5 -11. 6 -13. 6 4.5 
-1. 0 -6. 6 16.0 
11. 1 
7.4 
16. 9 
20. 9 
22.4 
6.5 
10.8 
13.8 —8. 8 —5.0 
2. 5 -16. 7 ~1s. s —12. 5 
高气温
旬平均最-27. 3 -28. 0 -26. 4 —21. 0 ~23. 4 -25.1 —6. 7 —12.4 —18.8 
2. 9 —o. 6 —3. 5 
5.0 
8. 3 
10. 9 -3. 6 -o. 5 
2. 5 —18.3 -13. 3 ~7_ 6 -25. 4 ~10. 6 ~21. 4 
低气温
旬平均
3. 9 
3. 7 
3.3 
8.0 
5.8 
5.0 
13. 4 
12. 0 
9. 0 
19.2 
16. 9 
lS.3 
19. 7 
21. 1 
22.7 
14.2 
16. 1 
18. 2 
7. 2 
9. 7 
12. 0 
3. 4 
4. 6 
6. 3 
气温
汉中
旬平均最
8. 5 
8.3 
7. 2 
12. 5 
10. 1 
9. 2 
19. 2 
17.6 
13.8 
25.3 
22.8 
20. 6 
23.5 
25. 1 
27. 1 
17. 6 
20. 1 
22.4 
11. 1 
13.0 
15.5 
8. 1 
8. 6 
11. 1 
高气温
旬平均最
0.8 
0. 7 
0. 7 
5.0 
2. 9 
2. 1 
9.3 
8. 1 
5. 7 
14. 3 
12. 6 
11. 6 
17. 2 
18.4 
19.8 
12. 1 
13. 5 
15.5 
4. 7 
7. 5 
9. 7 
0. 5 
1. 7 
3.0 
低气温
旬平均
0.5 
0. 5 
-o. 3 
6. 1 
3. 8 
1. 5 
12.5 
10.5 
6. 9 
18. 3 
16. 1 
14.0 
20.3 
21. 7 
23. 1 
13. 9 
16. 9 
18. 6 
5.2 
7. 8 
11. 2 
0. 9 
1. 7 
4.0 
气温
菏泽
旬平均最
5. 5 
5. 7 
1.4 
11. 4 
9. 1 
6. 7 
18. 1 
16.2 
12. 5 
10. 1 
21. 9 
20. 1 
25. 9 
26. 9 
27. 9 
19. 5 
23. l 
10. 5 
10. 1 
12. 9 
16. 8 
6. 4 
6. 7 
9. 5 
高气温
旬平均最—3. 1 —3. 1 —3. 6 
2. 2 —0. 1 —2.0 
7. 7 
5.9 
2. 6 
12.9 
11. 3 
9.0 
16. 5 
18.0 
19. 6 
10.0 
12. 5 
14. 3 
1.5 
4.0 
7. 3 
-2. 9 ~1. 8 
0. 1 
低气温
旬平均—10. 7 —10.5 —11. 0 —3.2 —6. 1 —7. 6 
5.0 
2.3 —2.5 
12.6 
10. 5 
7. 2 
13.2 
16.0 
17. 2 
5. 3 
8. 5 
11. 0 
~4_ 9 -1.9 
2. 2 -10. 4 -8. 6 —6. 7 
气温
呼和
旬平均最-4. 3 —4.3 —5. 3 
3.4 
0. 6 
-1.1 11. 7 
9. 5 
4. 2 
19.8 
17. 6 
14.0 
19. 7 
22.4 
23.4 
11. 5 
15. 5 
17.8 
o. 6 
3. 5 
8. 2 —4.9 —3. 2 —1. 4 
浩特
高气温
旬平均最—15. 6 —15. 2 -15. 3 -8. 5 -11. 4 -12. 5 —1. 1 —3. 7 —8. 1 
5. 3 
3. 6 
o. 7 
7. 5 
10.4 
12.0 
0. 4 
2. 8 
5. 2 
-9. 2 -5. 9 -2. 3 -14. 6 -12. 8 -10. 8 
低气温
lO.l 
怜
淫
渎
H
裤
添
如
油
＇
怅
313 

--- PDF页1664 ---
续表
城市名称
1 月
2 月
3 月
4 月
9 月
10 月
11 月
12 月
气温类别
下旬
中旬
上旬
下旬
中旬
上旬
下旬
中旬
上旬
下旬
中旬
上旬
下旬
中旬
上旬
下旬
中旬
上旬
下旬
中旬
上旬
下旬
中旬
上旬
旬平均
—7. 5 —7. 2 —7. 4 -1.5 —3. 6 ~s. 2 
7.5 
4.5 
0.4 
14.4 
12. 5 
10. 0 
15.4 
18. 1 
19. 3 
7. 6 
10. 9 
13. 1 —2.0 
1.0 
4. 8 —6.4 —5. 4 —3.4 
气温
怀来
旬平均最—1. 3 -1.2 —1. 9 
5.0 
2. 7 
0. 8 
14. 5 
12. 0 
7. 1 
21. 2 
19. 4 
16. 9 
22. 1 
25.0 
25. 5 
13.8 
18.0 
19. 8 
3.6 
6.2 
11. 2 —0.8 —0. 2 
1. 9 
高气温
旬平均最-12. 2 —11. 7 —11. 6 —6. 6 —8. 7 -10. 0 
1. 2 
-1.8 -5. 0 
7. 6 
6. 3 
3. 5 
9.8 
12.2 
14. 2 
2. 9 
5. 2 
7. 7 
-6. 0 -2. 9 -o. 2 —-10.4 -9. 2 —7. 3 
低气温
旬平均
~2. 6 —2. 3 —2. 9 
3.0 
0. 9 
~1. 2 10.6 
8.3 
4. 6 
16. 8 
14. 7 
12. 5 
19. 3 
21. 2 
22. 5 
12. 2 
15. 4 
17. 2 
3.3 
5. 9 
9. 3 —1. 7 —0. 7 
1. 4 
气温
惠民
旬平均最
3.0 
3. 5 
2.6 
9. 2 
6. 7 
4.4 
16.8 
14.9 
10. 7 
22. 9 
20. 9 
19. 0 
25.2 
27.0 
27. 7 
18.3 
21. 8 
23.1 
8. 7 
11. 3 
15. 3 
3.8 
4.5 
6. 9 
高气温
旬平均最-6. 9 —6. 7 -7. 0 -1.4 —3.6 —5. 5 
5. 0 
2. g —0. 5 
11. 1 
9.0 
7. 2 
14. 6 
16.8 
18. 5 
7. 3 
10. 3 
12. 2 —1. 1 
1. 4 
4. 6 —5.8 —4.8 —2.9 
低气温
旬平均—16.4 —17. 1 -14. 9 -9. 9 -12. 5 —14.0 0.8 
-3. 0 —8.2 
9. 7 
6.0 
3. 8 
12.4 
15.4 
17.3 
3. 2 
6. 7 
9.4 —9. 0 -5. 3 
0. 1 —15. 3 -14. 7 -12. 3 
气温
鸡西
旬平均最—10. 9 —12. 1 -10. 4 -4.4 ~7. 0 —8.5 
6.2 
2.2 —3.4 15. 7 
12. 2 
9. 4 
18. 6 
21. 7 
23.0 
8. 6 
12. 7 
15. 4 —4. 5 ~1. 1 
5. 2 —11. 1 -10. 3 -7. 7 
高气温
旬平均最—20.8 -21. 2 -18. 6 —15.0 —17. 1 —18. 6 —4.4 —8. 1 —12. 9 
4. 0 
o. 5 —1. 4 
7. l 
9.9 
12. 5 ~1. 3 
1.5 
4.0 -13. 0 -8. 9 -4. 0 -19. 0 ~1s. 4 —16. 1 
低气温
旬平均
-9. 3 -9. 6 -9. 8 ~o. 9 -5.1 ~6. 7 
7. 1 
4. 7 —0.4 15.4 
13. 2 
9. 5 
15. 9 
19. 3 
19. 8 
7. 4 
10. 5 
13. 6 -2. 5 
0.0 
4.2 
-9. l -7. 6 -4. 6 
气温
吉兰泰
旬平均最—1.0 —1. 3 —2. 3 
7. 7 
3. 7 
1. 6 
15.4 
13. 2 
8.3 
23. 7 
21. 1 
17. 5 
23. 5 
26.4 
26. 6 
14. 8 
18. 8 
21. 9 
4.8 
6. 9 
11. 7 ~1. 3 -o. 6 
2. 6 
高气温
旬平均最—15. 6 —16.0 —15. 6 —7. 7 ~12. 2 ~13_ 2 -0.4 -2. 4 —7. 5 
7.0 
5. 6 
2. 1 
9.5 
12. 8 
13.9 
1. 7 
3. 9 
6. 8 —7. 8 ~5_ 2 -1. 2 -14. 7 -12. 7 -10. l 
低气温
旬平均
—0.4 
o. 1 —o. 9 
5. 5 
3.0 
0. 9 
12. 1 
10.2 
6. 1 
18. 4 
16. 3 
14.0 
20.5 
21.8 
22. 9 
14.0 
17.3 
18.8 
5. 3 
7. 7 
11. 3 
0.4 
1. 2 
3.8 
气温
济南
旬平均最
4. 2 
4.8 
3.6 
10.8 
8. 1 
5.3 
17.6 
15. 7 
11. 4 
10. 0 
22.0 
19. 8 
25.5 
26. 8 
27. 9 
19.0 
22.4 
23. 9 
9.6 
12. 1 
16.0 
5.0 
5. 5 
8. 3 
高气温
旬平均最-3, 8 -3, 5 —4. 0 
1. 7 —0. 7 -Z.4 
7. 5 
5.8 
1. 9 
13. 4 
11. 4 
9.2 
16. 7 
17. 8 
19. 3 
10.2 
13.2 
14. 8 
1. 9 
4. 1 
7. 7 —3.0 —2.0 
o. 1 
低气温
314 
10 
凇
哗
宦
淙
H

--- PDF页1665 ---
续表
1 月
2 月
3 月
4 月
9 月
10 月
11 月
12 月
城市名称气温类别
下旬
中旬
上旬
下旬
中旬
上旬
下旬
中旬
上旬
下旬
中旬
上旬
下旬
中旬
上旬
下旬
中旬
上旬
下旬
中旬
上旬
下旬
中旬
上旬
旬平均
-3. 3 -3. 4 —3.5 
2. 7 
0.0 
-1. 2 
9.8 
8. 2 
4.2 
16.4 
14.4 
11. 8 
16. 1 
18. 2 
19.0 
9.6 
12. 3 
14. 2 
2. 0 
3. 9 
7. 1 
一-2. 9 —1. 9 —0.2 
气温
介休
旬平均最
3. 9 
3.8 
2. 9 
9. 9 
6. 7 
:,一,
;J 
r 
17. 1 
15.9 
11. 2 
23.8 
21. 8 
19.2 
22. 6 
10. 6 
10. 7 
16.3 
19.4 
21. 4 
7. 9 
10. 1 
14. 1 
3.4 
3. 7 
5. 9 
高气温
旬平均最—9. 1 -9. 3 -8. 5 -2. 9 -5. 4 -6. 8 
2. 7 
1. 6 —1. 7 
8. 5 
7. 6 
4. 7 
10. 7 
13.0 
14. 4 
4.2 
6. 3 
8.3 —2.8 -1.4 
1. 7 —7. 9 —6. 3 -5.1 
低气温
旬平均
—7.4 —7. 8 ~7. 2 -1.8 —3.8 —5.2 
6. 7 
3. 3 —o. 5 
14.5 
11. 3 
9.0 
17. 6 
20.4 
21. 5 
9.0 
12.9 
15.0 —1.0 
1. 8 
6. 5 —6.5 —5.3 -2. 6 
气温
锦州
旬平均最—1. 6 —2. 1 ~1. 7 
3. 4 
1.8 
0. 7 
12.9 
9. 1 
5.3 
20.3 
16. 9 
15.0 
23.4 
26. 3 
26.8 
14. 6 
19. 2 
20. 7 
4. 1 
6. 6 
12.2 —0. 7 
0.0 
2. 9 
高气温
旬平均最-11. 9 -12.1 -11. 4 —6.0 -8. 5 -9. 7 
1. 3 
-1. 4 -4. 9 
9.0 
6.4 
3.8 
12.4 
15. 3 
17. 0 
4. 2 
7. 8 
9. 9 
-5. 2 -2. 3 
1.8 -10. 8 -9. 5 —6.9 
低气温
旬平均
0.6 
0.6 
0.2 
6. 7 
4.2 
2. 4 
12. 8 
11. 2 
7. 6 
18. 8 
16. 7 
14. 7 
19.3 
21. 0 
22. 2 
12. 9 
15.6 
17. 6 
5.5 
7. 5 
10.9 
0.9 
2.0 
4. 2 
气温
泾河
旬平均最
5. 7 
5.4 
4. 6 
12. 1 
9. 1 
7. 1 
18.6 
17. 2 
12. 9 
25.3 
22. 7 
20.5 
10.0 
25. 5 
26. 6 
17. 3 
20. 5 
22. 5 
10.0 
11. 6 
15.6 
6. 0 
6. 3 
9.3 
高气温
旬平均最~3_3 —3. 3 —3. 1 
2. 6 
0. 5 
-1.2 
8. 1 
6. 7 
3.5 
13. 4 
11. 9 
10.0 
16.0 
17. 7 
19. 0 
9. 7 
11. 9 
14. 1 
1. 9 
4. 3 
7. 4 
~2. 9 -1. 4 
0.2 
低气温
旬平均
3. 3 
3. 6 
3.5 
7. 9 
5.4 
4.6 
12. 3 
11. 3 
7. 7 
17. 9 
16. 6 
14.4 
21.4 
23. 1 
10.4 
15. 6 
17. 6 
19.0 
9.0 
10. 7 
13. 5 
3.8 
4. 5 
6. 5 
气温
泾县
旬平均最
8.5 
8. 7 
8.4 
13.2 
11. 0 
9.8 
19. 5 
17. 9 
13.8 
25.0 
23.3 
21. 2 
26. 3 
28.5 
29. 8 
21. 3 
23.8 
10. 9 
14.9 
16. 1 
19. 8 
9. 9 
10.0 
13.3 
岗气温
旬平均最—0. 1 
0. 1 
0.2 
4.4 
1. 7 
1. 1 
7.4 
6.9 
3. 8 
13.0 
12. 1 
9. 5 
18. 2 
19.8 
21. 1 
12. 1 13. 71 
15. 2 
5. 2 
7.2 
9. 6 -o. 3 
0.8 
1. 9 
低气温
旬平均
—8. 9 -8. 7 —9.6 -1. 3 ~4_ 7 ~6. 5 
6. 6 
3. 7 
-o. 2 14. 3 
11. 4 
8. 2 
12. 9 
15. 7 
17. 1 
5. 1 
9.0 
11. 0 -2.5 -0.4 
3. 2 —8.5 —7. 5 —3. 9 
气温
酒泉
旬平均最-1. 6 —1. 2 —2. 4 
6. 2 
2. 8 
0. 9 
14. 5 
11. 7 
7. 5 
22. 1 
18. 6 
15. 9 
21. 2 
23. 9 
10. 2 
12. 6 
17. 6 
19. 6 
4. 4 
6. 6 
10. 7 -1. 1 -o. 8 
2. 8 
高气温
旬平均最—14. 5 —14.6 —15.0 —7.2 —10.9 —12.4 —0.2 —2. 8 -6. 4 
6. 7 
4. 7 
1. 4 
6. 7 
9. 4 
11. 0 ~o. 3 
2.6 
4. 5 
-7. 7 -5. 4 -2. 2 —14. 0 -12. 5 —9.3 
低气温
lO.l 
怜
洼
淙
H
裤
淙
加
油
＇
祑
815 

--- PDF页1666 ---
续表
1 月
2 月
3 月
4 月
9 月
10 月
11 月
12 月
城市名称气温类别
下旬
中旬
上旬
下旬
中旬
上旬
下旬
中旬
上旬
下旬
中旬
上旬
下旬
中旬
上旬
下旬
中旬
上旬
下旬
中旬
上旬
下旬
中旬
上旬
旬平均
17. 1 -15.8 —15. 6 —9. 2 —12.8 —13. 5 8. 2 
1. 4 —5.0 
17. 6 
14. 9 
10. 7 
15. 7 
19. 9 
22. 5 
6. 9 
10.9 
14. 2 -4. 4 
0.0 
4.8 —13. 3 —11. 3 —6.4 
气温
克拉玛依旬平均最—13. 3 —12.2 -11.9 —5.0 -8. 5 -9. 7 
13.5 
5. 5 —0. 6 23.6 
20. 4 
16. l 
21. 0 
25.3 
28. 4 
11. 3 
16. 1 
19. 3 ~1. 1 
3.4 
9.0 
-9. 7 -8. 3 -3. 5 
高气温
旬平均最—20.0 —18.5 ~1s. 4 -12. 7 —16. 4 —16. 5 3.6 —2.2 -8. 8 
12. 7 
10. 1 
6. 3 
11. 3 
15. 3 
17. 2 
3. 5 
7.0 
10. 2 -6. 9 ~2. 7 
1.7 —15. 9 —13. 7 -8.8 
低气温
旬平均
-3. 8 —3. 8 —3. 8 
2. 4 
-o. 6 —1. 9 
8. 1 
6. 8 
2. 7 
13. 9 
12. 3 
9.8 
14.0 
15. 7 
16. 8 
8. 0 
10. 2 
12. 3 
1. 1 
3.2 
6. 2 
~3, 5 ~z. 6 -o. 4 
气温
峪嗣
旬平均最
3.4 
3. 1 
2. 2 
8. 8 
5. 8 
4.5 
15. 2 
13.9 
9.0 
21. 3 
19. 1 
16. 5 
19. l 
20. 7 
21. 7 
13. 7 
16. 3 
18. 4 
7. 6 
9.3 
12. 5 
3. 7 
3. 6 
6. 5 
高气温
旬平均最—8. 8 ~s. 7 ~7_ 8 —2. 1 -5. 3 -6. 3 
2. 5 
1. 2 —1.8 
7. 4 
6.6 
4.4 
10.2 
12.2 
13. 2 
3. 9 
5. 9 
7. 9 —3. 2 ~1. 1 
1.8 
-8.4 ~5. 9 ~s. 3 
低气温
旬平均
0.8 —0.5 —0. 8 
4. 3 
3. 8 
2.8 
8. 0 
5. 7 
5. 5 
10. 9 
9.8 
8. 9 
14. 1 
15. 1 
15. 4 
7. 6 
10.4 
12. 4 
3.5 
5.0 
5.0 
0.4 
0. 6 
2. 2 
气温
拉萨
旬平均最
9. 7 
8. 6 
7. 5 
11. 8 
11. 4 
11. 6 
15.3 
12. 7 
12.8 
18. 1 
17. 2 
16.2 
21. 4 
21. 8 
22. 2 
15.9 
18. 7 
20. 2 
13. 5 
14. 7 
14.0 
10. 2 
10. 4 
12. 8 
高气温
旬平均最—6. 2 ~7_ 4 -7. 1 —2.3 —3. 3 —4.5 
1.5 —0. 6 —1. 3 
5.0 
3. 7 
2.8 
8.8 
10. 3 
10. 5 
1.1 
4. 1 
6. 7 
-3. 2 -1.8 ~1. 3 ~6. 5 -5. 8 ~4_ 2 
低气温
旬平均
—4. 3 —4.0 —4. 2 
0.4 —1. 1 -2. 6 
8.2 
5.5 
2. 1 
15.4 
12. 7 
10.5 
18. 9 
21. 3 
22. 6 
11. 0 
14.3 
16. 5 
1.8 
4. 6 
8.2 —3. 0 —2.0 
0.3 
气温
乐亭
旬平均最
0. 7 
0. 9 
0. 7 
5. 7 
4.0 
2. 8 
14.4 
11. 5 
7. 7 
21. 3 
18. 6 
16. 9 
10.2 
26. 7 
27. 3 
16. 4 
20.0 
22. 0 
6. 5 
9. 5 
13. 7 
1. 9 
2. 7 
5. 1 
高气温
旬平均最—8.0 —7.8 —7. 9 —3. 3 —5.0 —6. 5 
3.3 
1. 1 
-1. 9 10.2 
7. 8 
5.4 
14. 5 
17. 0 
18. 9 
6. 6 
9.4 
11. 9 ~1. 9 
0. 8 
3. 8 —6. 7 ~5_ 5 ~3_ 4 
低气温
旬平均
—3.0 ~4_ 4 -3. 9 -1.0 —1.0 —1.8 
1. 7 
0. 7 —0. 1 
5.2 
4.6 
3.3 
9. 7 
10. 1 
10. 6 
3.8 
6.3 
7.4 
-o. 9 
1.3 
1. 2 
-3. 5 ~2. 6 -2.1 
气温
理塘
旬平均最
6.0 
4.9 
4. 3 
7. 0 
7.3 
7.3 
9.5 
8. 7 
7. 7 
12.3 
12. 0 
10. 9 
16. 6 
16. 9 
17. 1 
11. 7 
13.8 
14. 4 
8.3 
10. 4 
9. 5 
6.0 
6. 3 
7. 9 
高气温
旬平均最-10. 3 -11. 8 ~10. 4 —7. 3 —7. 7 -9. 5 ~4_ 0 ~s. s -6.1 -o. 1 —1. 6 -2. 5 
5. 3 
5. 9 
6. 6 
~2. 0 
o. 9 
2. 7 —7. 9 —5.5 —4.9 —10. 8 —9. 5 —9. 5 
低气温
316 
10 
书
哗
佴
淙
H

--- PDF页1667 ---
续表
1 月
2 月
3 月
4 月
9 月
10 月
11 月
12 月
城市名称气温类别
下旬
中旬
上旬
下旬
中旬
上旬
下旬
中旬
上旬
下旬
中旬
上旬
下旬
中旬
上旬
下旬
中旬
上旬
下旬
中旬
上旬
下旬
中旬
上旬
旬平均—14.8 —14.5 —14. 5 —8.4 —11. 0 —12. 5 
1. 7 —1. 6 —7.0 10. 2 
7.0 
4.3 
11. 6 
14. 8 
16.4 
2.8 
6. 5 
9. 2 —8.2 -5. 7 
0.0 —13. 3 —12. 3 -9. 8 
气温
林西县
旬平均最—7. 7 —7. 4 —7. 7 -1.7 —3.8 —5. 3 
8. 6 
6.2 —0.4 17.0 
14.0 
11. 3 
19.5 
22. 2 
23.6 
10.0 
14. 1 
16.8 —1.8 
0.2 
6. 6 
-7. 0 -6. 3 —3. 6 
高气温
旬平均最-20. 6 —20.3 ~20. 2 -14. 8 —17. 5 ~1s. 6 -5. 7 -9. 2 ~13_ 7 
2. 4 
~0.1 -3.1 
4.3 
7.6 
9. 6 —3. 2 ~o. 3 
2.6 —13. 8 -10. 6 ~s. 7 -18. 4 —17. 3 —15.0 
低气温
旬平均
-o. 8 -o. 7 -1.1 
5.0 
2.4 
0. 7 
10.6 
8. 9 
5. 6 
16. 4 
14. 7 
12. 7 
17.5 
19.0 
20.3 
11. 5 
13. 7 
15. 6 
4.0 
6. 3 
9. 6 
-o. 7 
0.6 
2. 6 
气温
卢氏
旬平均最
6.8 
6. 9 
5. 7 
12.0 
9. 3 
7. 6 
18.2 
17.0 
12. 6 
10. 7 
22. 2 
20. 3 
23.5 
25.0 
26. 1 
18. 2 
21. 0 
23.0 
10. 9 
13. 0 
16. 7 
7.3 
7. 5 
10.9 
高气温
旬平均最—5. 7 —5.9 —5. 7 
0. 3 —2. 4 —3. 8 
4.5 
3. 2 
0. 6 
9. 6 
8. 8 
6.8 
13. 7 
15. 0 
16.4 
7. 3 
8. 9 
10. 9 —0.5 
2. 1 
5.0 
-5. 8 -3. 9 —2. 7 
低气温
旬平均
-16. 6 -17. 7 —16. 1 —9. 8 -]2. 7 —14. 5 1.0 —2.8 —7. 8 10.2 
6. 6 
4.0 
12.6 
15. 3 
17.4 
3. 2 
6. 5 
9. 3 —8.8 —5.0 
0.4 —15. 9 —14. 8 —12.0 
气温
牡丹江
旬平均最—10.2 —11. 4 —10.2 —3. 1 —5.8 -7. 5 
7.4 
3. 2 
-z. 0 
17. 1 
13.0 
10.4 
19.8 
22. 6 
23.8 
9.9 
13.9 
16. 7 -3. 4 —0.3 
6. 3 -10. 5 —9.3 —6.3 
高气温
旬平均最—22. 1 —22. 7 -20. 8 —16. 1 ~1s. s -20. 4 ~4_ 6 -8. 4 —13. 4 
3. 8 
0. 8 
~1. 9 
6. 5 
9. 7 
12. 4 -2. 1 
0. 6 
3. 2 -13. 5 -9. 0 —4. 3 -20. 4 -19. 3 -16. 6 
低气温
旬平均
~10. 3 ~11. 1 -11.2 -6. 4 ~7. 3 —8.0 -2.1 -4. 8 —5.2 
1. 4 
0. 1 
~o. s 
6.0 
7.0 
7.8 —2. 4 
1. 7 
3. 7 
-6. 5 -5. 0 -4. 7 —9. 8 -9. 4 —7.2 
气温
那曲
旬平均最~]. 0 -1.7 —2. 6 
1. 3 
1.0 
1. 3 
5. 7 
3.0 
2.3 
8.9 
8.0 
6. 7 
13.3 
14.2 
14. 8 
5.2 
9. 1 
11. 3 
3.0 
4.2 
3.3 
0. 1 
0. 5 
3.2 
高气温
旬平均最—18. 6 —19. 3 —18.4 —13. 7 —15. 5 ~16. 7 —9.0 ~12. 3 -12. 6 —4.8 -6. 7 —7. 2 
0. 9 
2. 1 
3.0 
-7. 9 -3. 8 ~1. 6 —14. 2 —12. 2 -10. 8 -18. O ~17, 7 -15. 4 
低气温
旬平均
-10.0 —25. 2 ~22. 8 —17. 1 -20. 0 -22. 0 -2. 0 -8. 3 —14. 9 9.2 
4. 5 
1. 1 
9.3 
13. 1 
15. 3 ~o. 3 
3. 1 
6.6 -16. 2 -11. 0 -4. 6 -23. 1 -21. 3 -19. 4 
气温
嫩江
旬平均最-17. 4 -18. 7 —16. 5 -9. 6 —12. 3 —14. S 4. 1 —1.8 —7.4 16. 5 
10.8 
7. 1 
15.8 
20.0 
21. 8 
5.2 
9.4 
13. 1 —10. 5 —6. 1 
1. 3 —17. 2 —15. 7 -14. 3 
高气温
旬平均最~30.1 ~30. 9 -28. 4 -10. 7 -27. 0 —28. 6 ~8. 7 —15. 5 ~22. 8 1.0 
~2. 5 —5.2 
3.0 
6.4 
9. 3 
-5. 9 -2. 6 
0. 5 -22. 0 —16.0 -10. 3 —28.5 -26. 8 —10. 3 
低气温
10. 
1 
怜
洼
涂
H
裤
涂
如
烁
＇
祑
317 

--- PDF页1668 ---
续表
1 月
2 月
3 月
4 月
9 月
10 月
11 月
12 月
城市名称气温类别
下旬
中旬
上旬
下旬
中旬
上旬
下旬
中旬
上旬
下旬
中旬
上旬
下旬
中旬
上旬
下旬
中旬
上旬
下旬
中旬
上旬
下旬
中旬
上旬
旬平均—18.8 —19. 9 -18. 2 —11. 8 —14.4 —16. 3 
l. 2 —3.8 —9. 7 11. 7 
6.9 
3.8 
12. 0 
15.8 
17. 7 
2. 6 
6. 2 
9.2 -10. 9 -7.3 -1.0 -18.1 —17. 2 -14. 5 
气温
齐齐哈尔旬平均最—13.0 -14. 1 —12. 2 —5. 6 —8.0 —9. 7 
7.4 
2. 3 
-3. 6 18. 1 
13. 2 
10.2 
17.8 
21. 8 
23.2 
7. 9 
12. 1 
15. 1 —6. 1 —3. 1 
4. 2 —12. 9 —12. 1 -9. 8 
高气温
旬平均最—10.0 —10. 9 —23.0 —18. 1 —20.4 ~22. 0 —5.3 -10.1 -16. 1 4. 9 
0.5 
—2.5 
6.8 
10.4 
13. 0 -2. 0 
1.0 
4. 1 —15. 2 -10. 9 —5.5 —22. 6 —21. 9 —18. 9 
低气温
旬平均
—0. 3 
0. 1 
-O. l 
3. 4 
1.8 
0. 6 
7.9 
6.4 
4.0 
14. 1 
11. 2 
9.8 
20. 7 
22.4 
23.4 
14.6 
17. 5 
18.9 
6. 7 
9. 0 
12. 2 
0. 9 
2.0 
4. 6 
气温
青岛
旬平均最
2. 8 
3. 4 
3. l 
6. 6 
5. 3 
3.8 
11. 8 
10. 1 
7. 8 
18. 1 
15. 1 
14. 1 
10. 2 
25. 9 
26.8 
18. 1 
21. 0 
22.3 
10.0 
11. 9 
15. 5 
4. 3 
5.0 
7. 9 
高气温
旬平均最~z. 8 -2. 4 —2. 6 
1.0 —0. 7 —1. 8 
5. 1 
3.8 
1. 1 
11. 1 
8. 5 
6. 9 
18.0 
19.8 
21. 0 
11. 9 
14. 7 
16.2 
3.9 
6. 4 
9. 5 
-1.7 ~o.4 
2. 0 
低气温
旬平均—12. 0 —12. 3 -12. 5 —4.4 -7. 3 -9. l 
4.8 
1. 7 
-2. 6 
13.4 
10. 5 
7. 7 
15. 1 
18. 2 
19. 5 
6. 7 
10. 2 
12. 5 —3.8 —o. 5 
4. 3 —10. 7 -9. 9 -6. 2 
气温
沈阳
旬平均最-5.1 -5. 3 ~s. s 
1. 9 —0.8 —2.4 
11. 2 
7. 6 
2. 9 
19. 7 
16. 9 
13. 9 
22. 3 
25. 1 
26. 1 
13. 1 
17.4 
19.4 
1. 7 
4. 6 
10.5 -4.1 -4.0 -o. 3 
高气温
旬平均最-18. 1 —18.3 —18. 1 —10.5 ~13, 5 -15. 0 -1. 8 —4.2 —7. 8 
6. 6 
4. 0 
1. 3 
8. 7 
12. 2 
14. 1 
1.4 
3.8 
6.2 —8. 9 —5. 1 —1.0 —16.3 —15. 2 —11. 4 
低气温
旬平均
-1. 7 -1. 6 —I. 9 
3. 4 
1. 9 
0. 1 
12. l 
9. 6 
6. 2 
18. 4 
16. 1 
14. 2 
19. 6 
21. 8 
22.8 
12. 2 
16.0 
17.8 
3.3 
5. 9 
9. 6 
-0.4 
0.5 
2. 3 
气温
石家庄
旬平均最
3.3 
3.2 
2. 5 
8. 5 
7. 1 
5. 1 
17.6 
15. 3 
11. 9 
10. 1 
21. 8 
20. 3 
10.8 
26.8 
27. 3 
17. 1 
21. 5 
23.0 
8.3 
10. 8 
14.9 
4. 5 
4.8 
7. 2 
高气温
旬平均最—5. 6 —5. 6 —5.4 —0. 7 —2. 1 —4. 1 
6. 9 
4.4 
1.1 
12. 7 
10. 7 
8. 5 
15. 6 
17. 7 
19.0 
8. 2 
Jl. 3 
13.5 -o. 6 
1.8 
5.2 
-4. 2 —2. 9 -1. 7 
低气温
旬平均—14. 1 -14. 6 —]4. 1 -6. 7 —9.3 —11. 4 3.4 —0.2 -5. 3 
12. 2 
9. 3 
6.3 
14. 2 
17.2 
18. 5 
5. 3 
8. 9 
11. 5 ~6.0 —2.5 
2. 8 —13. 1 —11. 9 -8.4 
气温
四平
旬平均最—8. 1 —8. 7 —8. 5 —1. 2 —3. 7 -5. 3 
9. 3 
5.2 
-O. l 
18.5 
15. 2 
12. 1 
20.8 
23.8 
10. 6 
11. 0 
15. 3 
17. 9 -1.0 
1.8 
8. 3 
-7. 5 —7.0 -3. 2 
高气温
旬平均最—19. 5 —19.9 —18. 9 —12. 7 ~14, 9 ~17, 0 —2. 6 —5.4 —10.5 5. 6 
3. 2 
0. 3 
7.8 
10.8 
13.0 —0. 1 
2. 6 
5.2 -]]. 0 -6. 7 —2.0 -18.1 -16. 5 -13. 3 
低气温
818 
10 
喷
啡
宦
淙
H

--- PDF页1669 ---
续表
1 月
2 月
3 月
4 月
9 月
10 月
11 月
12 月
城市名称气温类别
下旬
中旬
上旬
下旬
中旬
上旬
下旬
中旬
上旬
下旬
中旬
上旬
下旬
中旬
上旬
下旬
中旬
上旬
下旬
中旬
上旬
下旬
中旬
上旬
旬平均
-9. 2 ~11. 1 —12. 3 1.5 —3.0 —5. 6 11. 1 
8. 2 
3. 7 
18. 5 
16. 3 
14.0 
18. 5 
21.8 
22. 5 
6. 7 
11. 2 
15. 2 
~4_ 7 -o. 9 
3.2 -11. 1 -9. 2 ~6. 2 
气温
塔中
旬平均最
0.8 —0. 5 —1. 6 11. 0 
6.8 
3. 6 
20.8 
17.9 
13. 5 
28. 2 
25.4 
23.3 
28. 6 
31.0 
31. 4 
18. 1 
23.0 
26. 3 
6. 5 
10. 3 
14.8 ~o. 7 
0.3 
5.2 
高气温
旬平均最-18. 0 —19. 7 ~20. 5 —8. 3 —12. 7 —14.3 0.4 —2.0 —6. 3 
8.0 
6. 5 
3. 8 
8. 1 
11. 7 
13. 1 —3.2 
0. 3 
4.4 —12. 9 —9.6 —6. 1 —19. 1 ~16. 6 -14. 5 
低气温
旬平均
~4, 4 -4. 6 ~4_ 6 
1. 6 
-1.0 —2. 6 
8. 9 
7. 0 
2. 9 
15.8 
13. 7 
11. 1 
15.8 
18.0 
18. 9 
8. 9 
11. 7 
14.0 
0. 7 
2.8 
6.4 
~4_ 4 —2. 9 —1. 4 
气温
太原
旬平均最
3. 0 
2. 7 
2.0 
8. 8 
5. 9 
4.5 
16. 5 
14. 7 
10. 2 
23. 5 
21. 2 
18. 6 
22. 6 
10. 7 
25. 1 
15.9 
19. 2 
21. 1 
7.0 
9. 4 
13. 5 
2. 3 
3. 0 
5.0 
高气温
旬平均最—10.0 —10. 0 —9. 7 —4.0 —6.5 -8. 0 
2. 3 
0. 7 —2. 9 
8. 3 
7. 0 
4. 2 
10.8 
13. 1 
14. 2 
3. 9 
6.0 
8.5 
-4. 3 -2.1 
1. 2 
~g_ 3 -7. 5 -6. 2 
低气温
旬平均
—0.8 —1. 2 —1. 4 
4. 9 
2.2 
1.0 
10. 6 
9. 1 
5.3 
15. 9 
14. 3 
12. 1 
15. 9 
17. 9 
19.0 
10. 1 
12.3 
14. 3 
3. 0 
5. 5 
7.8 —1.3 —0. 2 
1. 6 
气温
天水
旬平均最
5. 7 
5.0 
3. 9 
11. 0 
8. 2 
7. 2 
17. 7 
16. 1 
11. 4 
23. 5 
21. 4 
18. 6 
21. 1 
23.0 
10. 1 
15.3 
18.0 
20. 1 
8. 7 
11. 1 
13. 5 
5.0 
5. 5 
8.4 
高气温
旬平均最—5.3 —5.4 —5.0 
0. 7 
-1.9 -3. 2 
5.2 
3.9 
0.8 
9. 6 
8. 5 
7. 0 
12. 5 
14.4 
15.4 
6. 7 
8. 6 
10. 6 ~o. g 
1.8 
4. 2 
-5. 5 ~4_] -3. 0 
低气温
旬平均
~13. 5 —13. 7 —13. 6 —5. 8 —9. 5 —11. 3 2.3 —0. 5 —4.6 
10. 9 
8. 3 
5.4 
12. 8 
16. 1 
17.6 
5.0 
8. l 
10.3 ~s. g ~2. 2 
2. 6 -12. 7 -11.8 -8. 3 
气温
通化
旬平均最~6. 5 —7.0 -6. 7 
0.9 
-2. 7 -4. 3 
8. 7 
5.3 
1. 4 
17. 5 
14. 7 
11. 5 
20.2 
22.8 
10.0 
11. 8 
15. 5 
17. 9 —0.3 
2.5 
8.2 —6. 5 —5. 7 —2. 6 
高气温
旬平均最—19. 3 -19. 1 -18. 7 -11. 6 -15. 3 -17.1 —3. 5 —5. 8 ~g. 9 
4. 8 
2. 3 
-o. 2 
7. 7 
11. 5 
13.4 
0. 0 
2. 4 
4. 6 -10: 5 -6.1 -1.9 -17. 7 -16. 6 -13. 3 
低气温
旬平均—12. 7 —13. 6 —12. 5 -6. 3 -8. 5 -10. l 
4. 3 
0. 5 
~4.8 12. 9 
9. 9 
6.9 
14.8 
17. 8 
19. 4 
5. 3 
8. 9 
11. 8 ~s. g ~3_ 2 
2.5 —12. 3 —11. 0 —8.4 
气温
通辽
旬平均最-6. 9 —7. 9 —7.0 —0. 2 —2. 4 —3.8 11. 0 
7.2 
1.1 
19. 4 
16. 4 
13.2 
21. 8 
10. 7 
25. 7 
11. 6 
15.9 
18. 2 -o. 2 
1. 8 
8. 7 
-6. 7 —5. 6 —3.0 
高气温
旬平均最-17. 6 -18. l ~16. 9 —11. 3 —13. 9 —15. 2 —1.9 —5.5 —10.2 
6. 7 
3. 5 
o. 9 
8.6 
11. 7 
14.0 
o. 3 
3. 3 
6. 3 
~10. 7 —7. 2 —2.4 —16. 5 —15. 3 —12.8 
低气温
lO.l 
介
涅
淙
h
'
裤
淙
加
油
＇
祑
319 

--- PDF页1670 ---
续表
1 月
2 月
3 月
4 月
9 月
10 月
11 月
12 月
城市名称气温类别
下旬
中旬
上旬
下旬
中旬
上旬
下旬
中旬
上旬
下旬
中旬
上旬
下旬
中旬
L旬
下旬
中旬
上旬
下旬
中旬
L旬
下旬
中旬
上旬
旬平均
-5. 6 —6. 9 —8.0 
5. 5 
1.4 ~o. s 16.4 
12. 0 
7.9 
10.0 
21. 4 
18. 8 
22.0 
25. 8 
27.4 
11. 5 
15. 4 
19. 3 
1. 3 
5. 1 
8.8 
~5_ 9 —3. 7 —1. 2 
气温
吐鲁番
旬平均最—1. 1 ~2. 7 —4.0 
11. 3 
6. 8 
3. 9 
23. 2 
17.9 
14. 2 
31. 9 
28. 7 
25. 5 
30. 0 
33. 8 
35.3 
18.8 
23. 6 
27.4 
6.3 
10. 3 
15. 3 —2. 5 
0.3 
3. 1 
高气温
旬平均最—9.2 —10.2 —11. 2 0.4 
—3. 3 -4. 7 
10. 3 
6. 6 
2. 6 
17. 1 
14. 7 
12. 9 
16. 3 
19. 8 
21. 4 
6. 8 
9. 8 
13.8 -2. 3 
1. 2 
4.5 
—8.8 —6. 8 —4. 6 
低气温
旬平均
—1. 5 —0.9 —0.5 
2.5 
0.4 
—0. 7 
7.9 
6. 1 
3.0 
14. 4 
12. 1 
10. 1 
20. 1 
22. 2 
23.2 
14. 1 
16. 7 
18. 1 
6. 1 
8. 2 
11. 7 
0. 3 
1. 4 
3.8 
气温
威海
旬平均最
1. 3 
2. 2 
2. 1 
6.3 
3. 7 
2. 3 
12.2 
10. 5 
6.8 
18. 6 
16. 6 
14. 8 
23. 5 
25.2 
26.3 
17.3 
20. 2 
21. 3 
9.3 
11. 2 
15.0 
3. 3 
4.3 
7. 0 
高气温
旬平均最—3. 9 —3.3 —2. 7 —0.4 —2. 1 -3. 0 
4.4 
2. 7 
0.0 
10. 8 
8.4 
6.5 
17. 5 
19. 6 
20. 7 
l l. 4 
13. 8 
15. 3 
3.4 
5. 7 
9.0 
-2. 0 ~o. s 
]. 2 
低气温
旬平均
-1. 9 -1. 8 -2. 2 
3.4 
l. 2 —0.8 
9. 9 
7. 9 
4.2 
16. 7 
14. 1 
12. 0 
19. 9 
21.8 
23. 1 
12. 9 
16.0 
17. 6 
4.2 
6.8 
10.2 —1.1 
0.0 
2. 5 
气温
淮坊
旬平均最
3.4 
3.8 
3.0 
9. 4 
7. 0 
4. 3 
16.4 
14. 7 
10.4 
22. 9 
20. 5 
18. 8 
25.4 
27. 1 
27.9 
18. 7 
22. 2 
23. 5 
9. 5 
11. 9 
15.8 
4. 3 
4. 9 
7. 8 
高气温
旬平均最—5. 8 -5. 9 —6. 1 -1. 1 —3.3 -4.8 
4. 2 
2. 6 -o. 8 
11. 0 
8.6 
6. 4 
15.4 
17. 3 
19. 1 
8. 3 
10. 8 
12. 7 
0. 1 
2.4 
5. 7 
-5. 1 -3. 8 -1.7 
低气温
旬平均
-13. 4 —11. 5 —11. 8 —7. 6 —10. 7 —11. 0 
6. 0 
0.0 
—4. 5 15. 1 
12. 4 
8.4 
14. 2 
17. 9 
20.3 
5. 4 
9. 7 
12. 7 —3.8 —1. 1 
3.6 —10. 2 —9.3 —5. 7 
气温
乌鲁木齐旬平均最—8.9 —6.4 —7. 3 —2. 9 —6.0 —6. 9 11. 3 
4.9 
0.3 
21. 5 
17. 9 
13. 7 
20. 1 
23.8 
26. 1 
10. 3 
15.3 
18. 2 
0.0 
2.6 
8.0 
—5. 1 —5. 5 —1.8 
高气温
旬平均最-16. 6 -15.1 -15.1 -10. 9 —13.9 —14.0 1.8 
—3.4 —8. 0 10.2 
7. 9 
4.4 
9. 9 
13.4 
15.5 
2. 0 
5. 6 
8. 6 
—6. 7 —3. 5 
0.4 —14. 1 —12.0 —8. 6 
低气温
旬平均
4. 4 
3. 8 
3.5 
9.0 
6. 5 
6. 1 
13. 9 
12. 9 
9.2 
18. 7 
17. 2 
15.4 
19. 1 
20.8 
22.0 
14. 2 
15. 9 
17. 9 
7. 8 
10.3 
12. l 
3. 3 
4. 7 
6.5 
气温
武都
旬平均最
9.8 
8. 9 
8.2 
14. 1 
11. 5 
11.2 
19. 9 
18. 9 
14. 3 
25. 3 
23. 8 
21. 3 
23. 9 
25.4 
27.0 
18.3 
20. 7 
22. 7 
12.8 
15.0 
17. 2 
8. 5 
9. 7 
12. 1 
高气温
旬平均最
0.4 
0. 0 
0. 1 
5. 3 
3.0 
2.4 
9.6 
8. 5 
5. 5 
13. 6 
12. 3 
11. 0 
16.0 
17. 5 
18. 7 
11. 3 
12. 6 
14. 6 
4. 3 
7. 1 
8.8 
—0.4 
1.0 
2. 4 
低气温
320 
10 
抽
啡
盂
淙
H

--- PDF页1671 ---
续表
城市名称
1 月
2 月
3 月
4 月
9 月
10 月
11 月
12 月
气温类别
下旬
中旬
上旬
下旬
中旬
上旬
下旬
中旬
上旬
下旬
中旬
上旬
下旬
中旬
上旬
下旬
中旬
上旬
下旬
中旬
上旬
下旬
中旬
上旬
旬平均
3. 9 
4.0 
3. 5 
8. 5 
6. 1 
4. 7 
13. 9 
12. 2 
8. 7 
19.4 
17. 5 
15. 7 
22. 1 
10. 3 
25. 1 
16. 1 
18.4 
20. 3 
9. 3 
11. 1 
13. 7 
4. 1 
5. 2 
7. 5 
气温
武汉
旬平均最
8. 8 
9. 3 
8.2 
12. 9 
11. 2 
9. 7 
19.6 
17.4 
13. 9 
10.8 
22. 5 
21. 0 
26. 9 
29.3 
29.6 
21. 0 
23.6 
25.8 
14. 6 
16. 1 
19. 1 
9. 7 
10.2 
13. 5 
高气温
旬平均最
0.2 
0. 1 
0.0 
5.0 
2. 2 
1. 2 
9. 2 
7. 9 
4. 6 
14.8 
13. 2 
11. 1 
19. 0 
20.6 
21. 8 
12. 7 
14. 8 
16.4 
5.4 
7. 6 
9.8 
0. 1 
1. 6 
3. 1 
低气温
旬平均
~7, 5 ~s. 3 —8.3 —1. 2 -4. 2 —5. 1 
4.4 
2.8 —0.4 10.0 
8. 6 
6. 9 
11. 0 
12. 7 
13.4 
4. 3 
6. 7 
8. 9 —3. 4 —0.6 
1. 5 
-8. 2 —7.2 —4. 5 
气温
西宁
旬平均最
3. 6 
2.6 
1.8 
8.2 
5. 6 
5. 5 
13. 6 
12. 7 
9. 1 
18. 6 
17. 5 
15. 5 
18.4 
20. 5 
20. 5 
12.8 
15. 7 
17. 7 
6. 2 
8. 8 
11. 1 
2. 7 
3.0 
6. 2 
高气温
旬平均最-15.1 -15. 6 -15. 0 —8.0 —11. 2 —12. 4 —2. 9 —4. 6 -7. 5 
2.4 
1. 3 
-0.1 
6.4 
7.8 
8.6 —1.1 
1. 2 
3.4 
-9. 5 -6. 5 -4. 3 -15. 2 —13. 6 —11. 5 
低气温
旬平均
—3.5 -3. 3 —3. 6 
1. 7 
-o. 2 ~1. 8 
10. 5 
7.3 
3. 8 
17.4 
15.0 
12.8 
19.3 
21. 6 
23.0 
11. 4 
14.8 
17. 0 
2.0 
5.0 
8. 6 
-2. 7 —1. 7 
0.4 
气温
西青
旬平均最
1. 9 
1. 9 
1. 4 
7. 3 
5.4 
3. 7 
16. 8 
13. 7 
9.8 
23. 6 
21. 2 
19. 4 
10. 9 
27. 1 
27.8 
16. 7 
20.8 
22.8 
7. 0 
10. l 
14.3 
2. 7 
3. 3 
5. 6 
高气温
旬平均最~7, 8 —7. 3 —7.4 -2. 6 -4. 6 -6. 2 
4. 9 
2.2 
-1. 0 
11. 5 
9. 5 
7. 2 
15. 1 
17. 2 
19. 2 
7. 2 
10.0 
12.4 —2. 1 
0. 9 
4.3 
~6. 7 —5.5 —3. 5 
低气温
旬平均
-19.1 —18. 9 —19.8 —10.8 —14. 5 —16. 7 0. 2 
-3. 3 -9. 0 
9. 1 
6.2 
2. 8 
10. 8 
14.2 
16.0 
1.2 
4. 9 
8.0 —10.8 —7. 8 —1. 7 -17. 8 -16. 7 —12.8 
气温
锡林浩特旬平均最—11. 8 -11. 9 ~13. 5 -3. l -6. 6 —9. 1 
7. 7 
4. 7 
-]. 4 
16.5 
13. 5 
10. 2 
18.8 
21. 9 
23.2 
8.4 
12. 9 
15. 6 
~4_4 -1.5 
5. 2 —11. 3 -10. 6 —6.6 
高气温
旬平均最—25. 1 —10. 5 —10.8 —17.4 ~21. 2 —22.8 —6. 9 -10. 5 -15. 7 
1.2 -o. 7 —4. 1 
3. 7 
7. 3 
9.3 —4. 5 —1. 7 
1. 4 —16.4 -13. 0 -7. 2 -23. l —21. 8 —18. 1 
低气温
旬平均
2.9 
3.0 
2. 5 
7. 6 
5. 4 
3. 5 
13.4 
11. 5 
8. 2 
19.4 
17. 1 
15. 1 
20.3 
22.3 
23.3 
14.8 
17.5 
19.4 
8. 1 
10. 1 
12. 8 
3. 7 
4. 4 
7. 5 
气温
信阳
旬平均最
7.4 
7. 7 
6. 7 
12. 0 
10. 1 
8. 0 
18. 8 
16. 6 
13. 1 
10. 7 
22. 2 
20. 6 
10. 5 
26. 6 
27. 4 
19. 5 
22.4 
10. 5 
12. 8 
14. 5 
17. 7 
8. 7 
9. 1 
12. 6 
高气温
旬平均最-o. 5 —o. 5 -o. 7 
4. 1 
1.8 
0.2 
9. 1 
7. 9 
4. 6 
14. 7 
12. 8 
10. 7 
17. 3 
19.0 
20.3 
11. 7 
13.8 
15. 7 
4. 5 
6.9 
9.4 
0. 1 
1. 2 
3. 7 
低气温
lO.l 
怜
涅
涂
H
裤
淙
如
湘
＇
祩
321 

--- PDF页1672 ---
续表
城市名称
1 月
2 月
3 月
4 月
9 月
10 月
11 月
12 月
气湍类别
下旬
中旬
上旬
下旬
中旬
上旬
下旬
中旬
上旬
下旬
中旬
上旬
下旬
中旬
上旬
下旬
中旬
上旬
下旬
中旬
上旬
下旬
中旬
上旬
旬平均
5. 1 
5.4 
5. 7 
8. 6 
6. 7 
6. 1 
12. 4 
11. 5 
8. 6 
18.4 
16.6 
14.6 
23.8 
25.2 
26.5 
18. 7 
20.4 
21.8 
12.0 
13.8 
16. 5 
6. 4 
7.3 
9. 3 
气温
徐家汇
旬平均最
8. 5 
8. 4 
8. 7 
12. 0 
10令2
9. 4 
17. 0 
15. 9 
12.5 
23. 2 
21. 5 
19.2 
26. 9 
28. 7 
30.3 
21.8 
23.8 
25. 2 
15.3 
16. 8 
19. 9 
9.5 
10.3 
12. 8 
高气温
旬平均最
2. 7 
3. 0 
3.5 
6. 2 
4.0 
3. 6 
9. 1 
8. 3 
5. 9 
14. 7 
13. 1 
11. 2 
21. 6 
22. 8 
10.0 
16.4 
18.0 
19.2 
9. 5 
11. 6 
14. 1 
3. 9 
5. 0 
6.8 
低气温
旬平均
1. 2 
1. z 
0.8 
6.4 
3. 9 
2. 3 
12. 1 
10.4 
6. 9 
18. 5 
16.0 
14.2 
20. 8 
22. 5 
23. 7 
14.4 
17.2 
19. 1 
6.4 
8. 8 
11. 8 
1.4 
2. 4 
4. 6 
气温
徐州
旬平均最
6.0 
6.2 
J广.o- 
11. 1 
9.0 
6. 9 
17. 3 
15. 7 
12. 2 
10. 0 
21. 4 
19. 7 
25. 3 
27.0 
27. 9 
19. 7 
22. 6 
10.4 
11. 1 
13. 7 
16. 9 
6. 6 
7.2 
9. 6 
高气温
旬平均最—2. 5 —2. 6 -2. 6 
2. 7 —o. 1 —1. 2 
7. 2 
5. 6 
2. 3 
12. 9 
11. 0 
8.6 
17. 1 
18. 9 
20. 2 
10. 3 
12.8 
14. 5 
2. 6 
4. 9 
7. 6 
-2.4 —1. 2 
0. 6 
低气温
旬平均
-4. 6 -4. 7 —4. 9 
2. 2 
-o. 9 -2. 2 
8. 5 
7.4 
2. 9 
14. 8 
13.0 
10.5 
15.0 
17. 1 
18.0 
8. 5 
11. 0 
13. 2 
1.1 
3.3 
6. 7 —4.4 -3. 2 -1.0 
气温
延安
旬平均最
3. l 
3.0 
1.8 
9. 4 
6. 1 
4. 8 
16. 3 
15.4 
9. 9 
23. 2 
20. 9 
18.4 
21. 4 
23.3 
23. 9 
15.5 
18. 6 
20. 5 
8. 0 
9. 7 
13. 8 
3.0 
3.2 
6.0 
高气温
旬平均最-10. 7 -10. 9 —10. 2 —3. 4 -6. 5 —7. 7 
1. 8 
1.0 
-2. 8 
7.3 
6. 5 
4. 0 
10. 5 
12. 7 
13.8 
3. 5 
5.4 
8. 1 —3.9 -1.5 
1. 5 —10. 1 —8. 2 -6. 3 
低气温
旬平均—12.9 —13. 0 -11. 9 —6. 9 -9. 5 —10. 5 2.4 
~o. s —4.9 
10. 5 
7. 3 
5. 1 
13. 2 
15. 9 
17. 8 
4. 8 
8.0 
10. 4 -6. 3 ~3_ 2 
1.5 -12. 2 —11. 0 —9.0 
气温
延吉
旬平均最—7. 3 —8.0 -7. 0 -o. g -3. 5 —4. 6 
8. 8 
5. 3 
0. 3 
17. 5 
14. 0 
11. 6 
20. 5 
22. 7 
23.6 
11. 3 
15. 1 
17.4 -1.4 
1. 3 
7. 7 
-7. 3 -6. 3 —4.0 
高气温
旬平均最—17.5 —17.3 —16. 1 -12. 7 —14.9 —15.6 —3. 8 -6. 4 —9.8 
3. 9 
1. 2 -o. 9 
7. 2 
10.4 
13.0 -o. 5 
1. 8 
4.2 -10. 6 —6. 8 ~3_ 3 -16. 3 -14. 9 ~13_ 2 
低气温
旬平均
—7.6 —7.4 —7. 7 -0.3 -4. 2 —5.3 
6. 5 
5.2 
0.4 
13. 7 
11. 8 
8. 7 
13. 9 
16.3 
16. 7 
6.6 
9. 6 
12.0 ~1. 5 
0.6 
4.2 —7.2 —6.2 ~3. 5 
气温
盐池
旬平均最
1.0 
1.0 —0. 1 
7. 5 
4.3 
2. 6 
14.5 
13.3 
8. 4 
21. 3 
19. 2 
16.4 
20. 7 
22.6 
22.8 
14. 1 
17. 4 
20.0 
5. 9 
8. 2 
11. 9 
0. 7 
1.0 
4.0 
高气温
旬平均最-14.1 —13. 9 —13. 4 —6. 5 —10. 7 —11. 6 —0. 9 ~1. 6 -6. 3 
5.5 
4. 9 
]. 4 
8.3 
11. 0 
11. 7 
1.1 
3. 5 
5.6 
-6. 8 —4.9 -1.4 —13. 1 -11. 6 -9. 2 
低气温
322 
lO 
怜
古
宦
浒
H

--- PDF页1673 ---
续表
1 月
2 月
3 月
4 月
9 月
10 月
11 月
12 月
城市名称气温类别
中旬
上旬
下旬
中旬
上旬
下旬
中旬
上旬
下旬
中旬
上旬
下旬
中旬
上旬
下旬
中旬
上旬
下旬
中旬
上旬
下旬
上旬
下旬
中旬
旬平均
-o. 7 -1.0 —1. 3 
5. 2 
2. 6 
0. 7 
11. 5 
9.5 
5. 9 
17.5 
15.4 
13.3 
19. 6 
21. 0 
22. 6 
13. 0 
15. 6 
17. 5 
4.4 
6. 8 
10. 2 -o. 7 
0.4 
2. 5 
气温
兖州
旬平均最
5.2 
5.3 
4.4 
11. 0 
8. 7 
6.5 
17.6 
15. 7 
12.0 
23. 7 
21. 5 
19.6 
25. 7 
26. 9 
28.0 
19. 5 
22. 6 
10. 3 
9. 9 
12.6 
16. 3 
5.5 
6.2 
8. 7 
高气温
旬平均最-5. 2 —5. 7 -5. 6 
o. 5 
-2.1 -3. 9 
5.4 
3.8 
0.3 
11. 1 
9.4 
7. 2 
15.0 
16.6 
18. 5 
8. 2 
10.4 
12.3 —0. 1 
2. 3 
5. 5 
-5. 3 —3. 9 —2.2 
低气温
旬平均
-6. 7 ~1.1 -8.0 —1.0 ~s.o ~s. s 10. 2 
5.0 
2. 1 
16.4 
14. 1 
11. 3 
15.4 
17. 9 
20.2 
6.8 
10.4 
13.2 —0. 6 
1. 6 
5.4 —6. 1 —4. 6 —1.7 
气温
伊宁
旬平均最-o. 7 -o. 5 -1. 1 
4. 4 
0. 7 
~0.1 
18. 0 
11. 5 
8. 2 
10. 6 
21. 7 
18. 8 
23.6 
26. 5 
28. 9 
14. 9 
19. 5 
21. 6 
5. 3 
7. 7 
12. 5 -0.2 
0. 8 
3. 9 
高气温
旬平均最-11.6 -12. 2 -13.1 -5. 7 -9. 9 -9. 8 
3.6 
-0.1 —3. 1 
9. 7 
7. 6 
5.2 
8.6 
10. 7 
12. 7 
1. 3 
4. 2 
7. 1 
-4. 6 —2.4 
0. 7 -10. 7 —8. 9 -5. 5 
低气温
旬平均
—6. 4 —6.4 —6. 4 
1.4 —2. 5 -3. 9 
8. 6 
6.8 
2. 0 
15. 6 
13. 8 
10. 7 
15.4 
18.2 
18.5 
8.0 
10. 9 
13.6 —0. 1 
1. 9 
5.4 
~5. 0 —5.0 -z. 1 
气温
银川
旬平均最
0. 6 
0.2 —0.8 
8. 4 
4. 5 
2. 7 
15. 5 
14. 1 
9. 2 
23. 1 
20. 5 
17. 7 
22.3 
10. 7 
10. 3 
15. 1 
18.6 
21. 3 
5.8 
7.8 
12. 3 
0.2 
0.5 
3. 8 
高气温
旬平均最—11. 7 
11. 8 -10. 9 ~4_ 2 -8. 2 —9.2 
2.4 
0. 9 —3. 7 
8. 4 
7. 6 
4.6 
10.3 
13. 0 
14.0 
3. 1 
5. 3 
7. 7 —4. 4 -2. 5 
0. 5 —10.8 —9. 3 -6. 5 
低气温
旬平均
—8.0 —8.4 —8. 4 -2. 2 —4.5 -5. 9 
5. 6 
3.0 
-1. 1 13.4 
10. 5 
8. 1 
17.4 
20. 1 
21. 4 
9.2 
12. 9 
14. 8 —0. 9 
2.0 
6. 6 
-6. 6 —5. 8 -2. 7 
气温
营口
旬平均最—3. 3 —3. 3 ~3_ 7 
2.3 
0. 2 
-1. 2 10. 3 
7. 7 
3. 3 
18. 1 
15. 3 
12. 8 
22.0 
10.5 
25.6 
13. 6 
17. 5 
19. 5 
3.3 
6.0 
11. 0 —1.8 -1. 7 
1. 7 
高气温
旬平均最—12.4 -12. 8 —12. 5 -6. 4 —8. 8 —10. 3 
1. 4 
-1. 4 -5. 1 
9. 2 
6. 3 
4.0 
13. 1 
16. 0 
17. 5 
4. 9 
8. 6 
10. 2 -4. 8 -1. 8 
2. 6 —10. 8 —9. 7 ~6. 7 
低气温
旬平均
—7.0 -6. 9 —7. 6 
0. 3 
~3_ 2 —4.6 
7.2 
5. 6 
0.8 
14.4 
12. 4 
9.2 
14. 6 
16.9 
17. 6 
7. 7 
10. 7 
12. 9 —1.0 
1. 1 
5.4 —7.2 —5. 8 -3. 5 
气温
榆林
旬平均最
0. 1 
0. 1 —1.0 
7. 0 
3. 5 
2.0 
14. 1 
12. 7 
7. 5 
21. 4 
19. 5 
16. 3 
20.2 
22.4 
22.9 
13. 6 
17.0 
19.0 
5. 1 
7. 0 
11. 6 —0. 6 
0.2 
2. 5 
高气温
旬平均最-13.1 —12.9 ~13. 3 -5. 2 -8. 9 —10.3 1.0 —0.3 —4. 9 
7. 5 
6. 1 
3. 2 
10.0 
12. 5 
13. 4 
2. 8 
5. 5 
8.0 —5.8 -3. 7 
0. 3 -12. 6 ~10. 9 -8. 4 
低气温
10. 
1 
怜
洼
读
H
誰
淙
茹
烁
＇
祑
3
2
3

--- PDF页1674 ---
续表
1 月
2 月
3 月
4 月
9 月
10 月
11 月
12 月
城市名称气温类别
下旬
中旬
上旬
下旬
中旬
上旬
下旬
中旬
上旬
下旬
中旬
上旬
下旬
中旬
上旬
下旬
中旬
上旬
下旬
中旬
上旬
下旬
中旬
上旬
旬平均
-6.0 —7.4 —7. 1 ~1. 7 —2.5 -3. 6 
1.8 
0. 1 
-1. 0 
5.4 
4. 4 
3.2 
8.7 
10. 2 
10.8 
1. 6 
4.0 
6.0 
~2. 9 —1.3 —0.2 -7.1 -6. 0 -4.4 
气温
玉树
旬平均最
3. 6 
2. 5 
2.0 
6. 4 
5. 7 
6. 1 
10. 3 
8. 7 
7. 2 
13. 0 
12.6 
11. 4 
16. 7 
18. 3 
18. 7 
10.0 
12. 2 
13.9 
7.0 
8. 6 
8.8 
3.5 
4.4 
6. 9 
高气温
旬平均最—14.2 —15. 5 —14. 5 —8.9 —9. 9 —12. 4 —5. l —7.0 -8.1 —0. 7 —2. 5 -3. 3 
3.8 
5. 1 
5. 7 
-4.2 -1.3 
0. 7 -10. 3 -8. 6 -6. 7 -15. 0 -13. 8 —12.8 
低气温
旬平均
—6. 0 —6. 1 —6. 1 
0.3 —2.5 —3. 7 
8.0 
5.8 
1. 7 
15. 1 
13.0 
10.2 
15. 1 
17. 5 
18.4 
8.0 
11.0 
13.3 —1.0 
1.6 
5.3 —6. 0 -4. 7 -3. 0 
气温
原平
旬平均最
1.0 
0. 8 
~0.1 
7. 1 
4. 1 
2. 6 
15. 1 
13. 2 
8. 4 
22. 1 
20. 1 
17. 6 
21. 6 
23.9 
10. 3 
14.2 
17. 9 
20. 1 
4.8 
7. 5 
11. 9 
0.3 
0.9 
2. 7 
高气温
旬平均最-ll.2 —11. 2 -10. 7 -4. 8 —7. 6 -8. 6 
1. 7 -o. 2 -3.8 
8.3 
6. 6 
3. 8 
10. 1 
12. 6 
13. 8 
3. 3 
5. 7 
8. 1 —5. 3 —2. 8 
0.4 —10.6 —9.0 —7.2 
低气温
旬平均
—0. 7 —0. 9 -1. 4 
6. 1 
3.3 
1.1 
12.6 
10. 6 
6. 9 
18.5 
16.8 
14. 5 
19. 1 
21. 1 
22. 3 
12. 5 
15. 3 
17. 4 
4.0 
6.4 
10. 2 ~1. 1 
0.5 
2. 4 
气温
运城
旬平均最
5.9 
6. 1 
4.9 
12.4 
9.5 
7. 7 
19.3 
17. 7 
13.5 
25.8 
23.5 
21. 4 
10.6 
26.3 
27.5 
18. 1 
21. 8 
23.5 
10.3 
12.2 
16.4 
5. 6 
6.5 
9.2 
高气温
旬平均最
- 5. 6 —6.0 ~5, 9 
1. l 
-1. 4 —3. 7 
6.6 
5. 1 
l. 6 
11. 8 
10.8 
8. 6 
15.0 
16.9 
18. 3 
8. 4 
10.4 
12. 7 -o. 5 
2. 1 
5. 7 —5.8 —3.8 —2.5 
低气温
旬平均
~14, 8 —15.5 —14. 8 -7. 6 -10. 4 -12.1 2.8 
-1. 1 -6. 5 11. 8 
8. 7 
5. 6 
14.0 
16.9 
18. 5 
4. 9 
8.4 
11. 0 —7. 1 -3. 6 
2. 1 -14. 0 -13. 0 —9. 8 
气温
长春
旬平均最—9. 6 -10. 5 —9. 9 —2. 7 —5.2 -6. 6 
8.5 
4. 1 
-1. 4 
18. 1 
14. 5 
11. 3 
20. 1 
23. l 
10. 0 
10. 1 
14. 4 
17. 1 —2. 4 
0.4 
7.0 
-9. 4 -8. 7 ~s. o 
高气温
旬平均最—19.4 —19. 7 -19. 0 —13. 0 —15.4 —17. 2 —2. 6 —6.3 —11. 5 5. 8 
3.0 
0.0 
8.3 
11. 1 
13. 6 
0. 1 
2. 9 
5. 3 —11. 8 —7. 3 —2.3 —18. 3 -17. 1 ~14, 2 
低气温
旬平均
1. 3 
1. 5 
0.9 
6. 5 
4. 6 
2. 3 
13.4 
11. 1 
7. 8 
19. 5 
17.2 
15. 0 
20. 5 
22. 1 
23.5 
14. 2 
17.4 
19.3 
6.3 
9.0 
12.0 
2. 6 
3. 1 
5. 5 
气温
郑州
旬平均最
6. 4 
6. 6 
5. 7 
11. 9 
9. 7 
7.4 
18. 8 
16. 8 
13.2 
25. 2 
22.6 
20. 9 
25.4 
26.8 
27. 9 
19. 5 
22.9 
10. 5 
11. 3 
13.8 
17. 5 
8. 1 
7. 9 
11. 0 
高气温
旬平均最—2. 7 —-2. 8 —2. 9 
2.0 
0. 3 —1.8 
8. 1 
6.0 
3. 1 
13. 3 
11. 9 
9. 3 
16. 5 
17. 9 
19.5 
10. 1 
12. 7 
14.8 
2. 1 
4.8 
7. 7 
-1.9 -o. 7 
0. 7 
低气温
旬平均
1.8 
1. 9 
1. 4 
6. 6 
4.6 
2. 7 
12. 5 
10.6 
7.4 
18. 7 
16.3 
14. 1 
20.2 
21. 8 
22.8 
14.8 
17. 5 
19.3 
7.2 
9.6 
12.3 
3.0 
3. 7 
6.5 
气温
驻马店
旬平均最
6. 8 
7.0 
6.0 
11. 7 
9. 8 
7. 5 
18. 1 
16. 1 
12. 8 
10.5 
21. 8 
20.0 
25.2 
27.0 
27.6 
19. 5 
22. 9 
10. 7 
11. 7 
14.0 
17.5 
8.2 
8. 3 
11. 7 
高气温
旬平均最—2. 1 —1.8 —2. 1 
2. 7 
0.6 —0. 9 
7. 6 
6.0 
3.2 
13. 0 
11. 5 
9.0 
16. 7 
18. 1 
19.4 
11. 5 
13. 4 
15.3 
3. 7 
6.3 
8. 6 —0. 7 
0.4 
2. 6 
低气温
324 
10 
抽
哗
宦
添
H
注：以上资料摘自中国气象科学数据网2008~2019 年逐月分旬平均气温统计。

--- PDF页1675 ---
10. 1. 1. 2 
冬施准备工作
1. 组织准备
10. 1 
冬期施工措施与要求
325 
根据建设工程项目的施工总进度计划要求，确定建设工程要进行的冬期施工部位和分
部分项工程。
设立室外气温观测点，安排好冬期测温人员，在进入规定冬期施工前15d 开始进行大
气测温，掌握日气温状况并与当地气象台站建立联系，及时收集气象预报情况，防止寒流
突然袭击。
2. 技术准备
在进入冬期施工前，应根据工程特点及气候条件做好冬期施工方案编制。做好冬期施
工混凝土、砂浆配合比的技术复核及掺外加剂的试配试验工作。钢构件对溫度变化的敏感
性强，进入冬期施工前，应提前做好焊接工艺评定。
3. 现场准备
冬期施工前认真查看现场总平面布置图、临水平面布置图（临时排水沟、临水管线
等）、临电平面布置图及相关资料，了解各类临时地下地上管线、管沟平面位置及标高，
找出要保温的地上管线及管沟等，并按施工方案保温。
为了防止大雪封路，保证施工道路畅通，现场配备一定数晕的道路清扫机械，随时进
行道路的清运工作。搭建加热用的锅炉房、搅拌站，敷设管道，对锅炉进行试火试压，对
各种加热的材料、设备要检查其安全可靠性。
4. 资源准备
设置百叶箱、温度计等测温设备，监控每天气温以指导冬期施工。
大型机械设备要做好冬期施工所需油料的储备和工程机械润滑油的更换补充以及其他
检修保养工作，以便在冬期施工期间运转正常。
保温材料：根据冬期施工的部位和分部分项工程，选择适当的保温材料，如塑料布、
棉被、苯板、岩棉管等。
5. 安全与防火
做好冬期施工安全教育工作。
加强冬期劳动保护，做好防滑、防冻、防煤气中毒工作。
对供电线路做好检查，防止触电事故发生。
要采取防滑措施。大风雪后及时检查脚手架，雪后必须将架子上的积雪清扫干净，并
检查马道平台，防止空中坠落事故发生。
冬期风大，物件要做相应固定，防止被风刮倒或吹落伤人，机械设备按操作规程要
求，
5 级风以上应停止工作。
配备足够的消防器材，并应及时检查更换。
10. 1. 2 
建筑地基基础工程冬期施工措施与要求
10. 1. 2. 1 
一般规定
冬期施工的地基基础工作，除应有建筑场地的工程地质勘察资料外，尚应根据需要提
出地基土的主要冻土性能指标。
建筑场地宜在冻结前清除地上和地下障碍物、地表积水，并应平整场地和道路。及时

--- PDF页1676 ---
826 
10 
季节性施工
清除积雪，春融期应做好排水。
对建筑物、构筑物的施工控制坐标点、水准点及轴线定位点的埋设，应采取防止土体
冻胀、融沉变位和施工振动影响的措施，并应定期复测校正。
在冻土上进行桩基础和强务施工时所产生的振动，对周围建筑物及各种设施有影响
时，应采取隔振措施。
靠近建筑物、构筑物基础的地下基坑施工时，应采取防止相邻地基土遭冻的措施。
同一建筑物基槽（坑）开挖应同时进行，基底不得留冻土层。基础施工中，应防止地
基土被融化的雪水或冰水浸泡。
10. 1. 2. 2 
土方工程
冻土挖掘应根据冻土层的厚度和施工条件，采用机械、人工或爆破等方法进行，并应
符合下列规定：
(1) 人工挖掘冻土可采用锤击铁樱子劈冻土的方法分层进行；铁樑子长度应根据冻土
层厚度确定，且宜在300~600mm 之间取值。
(2) 机械挖掘冻土可根据冻土层厚度按表10-3 选用设备。
机械挖掘冻土设备选择
冻土厚度
(mm)
<500 
500~1000 
1000~1500 
挖掘设备
铲掘机、挖掘机
松土机、挖掘机
矗锤或直球
表10-3
(3) 爆破法挖掘冻土应选择具有专业爆破资质的队伍，爆破施工应按国家有关规定
进行。
在挖方上边弃置冻上时，其弃土堆坡脚至挖方边缘的距离应为常温下规定的距离加上
弃土堆的高度。
挖掘完毕的基槽（坑）应采取防止基底受冻的措施，因故未能及时进行下道工序施工
时，应在基槽（坑）底标高以上预留上层，并应覆盖保温材料。
土方回填时，每层铺土厚度应比常温施工时减少20%,.___,25%, 预留沉陷最应比常温
施工时增加。
对于大面积回填土和有路面的路基及其人行道范围内的平整场地填方，可采用含有冻
土块的土回填，但冻土块的粒径不得大于150mm, 其含篮不得超过30% 。铺填时冻土块
应分散开，并应逐层穷实。
冬期施工应在填方前清除基底上的冰雪和保温材料，填方上层部位应采用未冻的或透
水性好的土方回填。其厚度应符合设计要求。填方边坡的表层lm 以内，不得采用含有冻
土块的土填筑。
室外的基槽（坑）或管沟可采用含有冻土块的土回填，冻土块粒径不得大千150mm,
含最不得超过15%, 且应均匀分布。管沟底以上500mm 范围内不得用含有冻士块的土
回填。
室内的基槽（坑）或管沟不得采用含有冻土块的土回填，施工应连续进行并应穷实。

--- PDF页1677 ---
10. 1 
冬期施工措施与要求
327 
当采用人工务实时，每层铺土厚度不得超过200mm,
穷实厚度宜为lOO~l50mm 。
冻结期间暂不使用的管道及其场地回填时，冻土块的含量和粒径可不受限制，但融化
后应作适当处理。
室内地面垫层下回填的土方，填料中不得含有冻土块，并应及时穷实。填方完成后至
地面施工前，应采取防冻措施。
永久性的挖、填方和排水沟的边坡加固修整，宜在解冻后进行。
10. 1. 2. 3 
地基处理
同一建筑物基槽（坑）开挖时应同时进行，基底不得留冻土层。
基础施工应防止地基土被融化的雪水或冰水浸泡。
在寒冷地区工程地基处理中，为解决地基土防冻胀、消除地基土湿陷性等问题，可采
用强穷法施工。
(1) 强穷法冬期施工适用于各种条件的碎石土、砂土、粉土、黏性土、湿陷性
土、人工填土等。当建筑场地地下水位距地表面在2m 以下时，可直接施务；当地下
水位较高不利施工或表层为饱和黏土时，可在地表铺填
0. 5~2m 的中（粗）砂、片
石，也可以根据地区情况，回填含水量较低的黏性土、建筑垃圾、工业废料等然后
再进行施务。
(2) 强穷施工技术参数应根据加固要求与地质条件在场地内经试穷确定，试穷应按现
行行业标准《建筑地基处理技术规范》
JGJ 79 的规定进行。
(3) 强穷施工时，不应将冻结基土或回填的冻土块穷入地基的持力层，回填土的质量
应符合本手册第10.1.2.2 的有关规定。
(4) 冻土地基强穷施工时，应对周围建筑物及设施采取隔振措施。
(5) 黏性土或粉土地基的强穷，宜在被穷土层表面铺设粗颗粒材料，并应及时清除粘
结千锤底的土料。
(6) 强穷加固后的地基越冬维护，应按本手册第10. 1. 13 的有关规定进行。
10. 1. 2. 4 
桩基础
冻土地基可采用干作业钻孔桩、挖孔灌注桩等或沉管灌注桩、预制桩等施工。
桩基施工时。当冻土层厚度超过500mm,
冻土层宜采用钻孔机引孔，引孔直径不宜
大于桩径20mm 。
钻孔机的钻头宜选用锥形钻头并镶焊合金刀片。钻进冻土时应加大钻杆对土层的压
力，并防止摆动和偏位。钻成的桩孔应及时覆盖保护。
振动沉管成孔时，应制定保证相邻桩身混凝土质量的施工顺序。拔管时，应及时清除
管壁上的水泥浆和泥土。当成孔施工有间歇时，宜将桩管埋入桩孔中进行保温。
灌注桩的混凝土施工应符合下列要求：
(1) 混凝土材料的加热、搅拌、运输、浇筑应按本手册10. 1. 5 有关规定进行。混凝
土浇筑温度应根据热工计算确定，且不得低于5°C 。
(2) 地基土冻深范围内的和露出地面的桩身混凝土养护，应按本手册10. 1. 5 有关规
定进行。
(3) 在冻胀性地基土上施工，应采取防止或减小桩身与冻土之间产生切向冻胀力的防
护措施。

--- PDF页1678 ---
328 
10 
季节性施工
预制桩施丁应符合下列要求：
(1) 施工前，桩表面应保持干燥与清洁。
(2) 起吊前，钢丝绳索与桩机的夹具应采取防滑措施。
(3) 沉桩施主应连续进行，施工完成后应采用保温材料覆盖千桩头上进行保温。
(4) 接桩可采用焊接或机械连接。焊接和防腐要求应遵照本手册10. 1. 8 有关规定
执行。
(5) 起吊、运输与堆放应符合《建筑工程冬期施工规程》
JGJ/T 104—2011 中第10
章有关规定。
桩基静荷载试验前，应将试桩周围的冻土融化或挖除。试验期间，应对试桩周围地表
土和描桩横梁支座进行保温。
10. 1. 2. 5 
基坑支护
基坑支护冬期施工宜选用排桩和土钉墙的方法。
采用液压高频锤法施工的型钢或钢管排桩基坑支护工程，除应考虑对周边建筑物、构
筑物和地下管道的振动影响外，尚应符合下列规定：
(1)
当在冻土上施主时，应采用钻机在冻土层内引孔，引孔的直径应大千型钢或钢管
的最大边缘尺寸。
(2)
型钢或钢管的焊接应按本手册10. 1. 8 有关规定进行。
(3) 钢筋混凝土灌注桩的排桩施工应符合本手册
10. 1. 2. 4 的规定，并符合下列
要求：
1) 基坑土方开挖应待桩身混凝土达到设计强度时方可进行。
2) 基坑土方开挖时，排桩上部的自由端和外侧土应进行保温。
3) 排桩上部的冠梁钢筋混凝土施工遵照本手册10. 1. 5 有关规定进行。
4) 桩身混凝土施工可选用掺防冻剂混凝土进行。
(4)
描杅施工应遵守下列规定：
1) 描杆注浆的水泥浆配制宜掺入适量的防冻剂。
2) 描杆体钢筋端头与描板的焊接应遵守本手册10. 1. 8 的相关规定。
3) 预应力描杆张拉应待描杆水泥浆体达到设计强度后方可进行。
(5) 土钉施工应符合本手册关千描杆施工的规定。严寒地区土钉墙混凝土面板施工应
符合下列规定：
1) 面板下宜铺设60~lOOmm 厚聚苯乙烯泡沫板。
2) 浇注后的混凝土应按本手册10.2.5 相关规定立即进行保温养护。
10. 1. 3 
钢筋工程冬期施工措施与要求
10. 1. 3. 1 
一般规定
钢筋调直冷拉温度不宜低于-20°C 。预应力钢筋张拉温度不宜低于— 15°C 。
钢筋负温焊接，可采用闪光对焊、电弧焊、电渣压力焊等方法。当采用细晶粒热轧钢
筋时，其焊接工艺应经试验确定。当环境温度低千-20°c 时，不宜进行施焊。
负温条件下使用的钢筋，施主过程中应加强管理和检验，钢筋在运输和加主过程中应
防止撞击和刻痕。

--- PDF页1679 ---
10. 1 
冬期施工措施与要求
329 
钢筋张拉与冷拉设备、仪表和液压工作系统油液应根据环境温度选用，并应在使用温
度条件下进行配套校验。
当环境温度低于— Z0°C 时，不得对HRB400 钢筋进行冷弯加工。
10. 1. 3. 2 
钢筋负温焊接
雪天或施焊现场风速超过三级风焊接时，应采取遮蔽措施，焊接后未冷却的接头应避
免碰到冰雪。
热轧钢筋负温闪光对焊，宜采用预热－闪光焊或闪光－预热－闪光焊工艺。钢筋端面比较
平整时，宜采用预热－闪光焊；端面不平整时，宜采用闪光－预热－闪光焊。
钢筋负温闪光对焊工艺应控制热影响区长度。焊接参数应根据当地气温按常温参数
调整。
采用较低变压器级数，宜增加调整长度、预热留量、预热次数、预热间歇时间和预热
接触压力，并宜减慢烧化过程的中期速度。
钢筋负温电弧焊宜采取分层控温施焊。热轧钢筋焊接的层间温度宜控制在150,..____,350°C 。
钢筋负温电弧焊可根据钢筋牌号、直径、接头形式和焊接位置选择焊条和焊接电流。
焊接时应采取防止产生过热、烧伤、咬肉和裂缝等措施。
钢筋负温帮条焊或搭接焊的焊接工艺应符合下列规定：
(1) 帮条与主筋之间应采用四点定位焊固定，搭接焊时应采用两点固定；定位焊缝与
帮条或搭接端部的距离不应小千20mm 。
(2) 帮条焊的引弧应在帮条钢筋的一端开始，收弧应在帮条钢筋端头上，弧坑应
填满。
(3) 焊接时，第一层焊缝应具有足够的熔深，主焊缝或定位焊缝应熔合良好；平焊
时，第一层焊缝应先从中间运弧，再向两端运弧；立焊时，应先从中间向上方运弧，再从
下端向中间运弧；在以后各层焊缝焊接时，应采用分层控温施焊。
(4) 帮条接头或搭接接头的焊缝厚度不应小千钢筋直径的30%, 焊缝宽度不应小于
钢筋直径的70% 。
钢筋负温坡口焊的工艺应符合下列规定：
(1) 焊缝根部、坡口端面以及钢筋与钢垫板之间均应熔合，焊接过程中应经常除渣。
(2) 焊接时，宜采用儿个接头轮流施焊。
(3) 加强焊缝的宽度应超出V 形坡边缘3mm,
高度应超出V 形坡口上下边缘3mm;
并应平缓过渡至钢筋表面。
(4) 加强焊缝的焊接，应分两层控温施焊。
HRB400 钢筋多层施焊时，焊后可采用回
火焊道施焊，其回火焊道的长度应比前一层焊道的两端缩短4,..____,6mm 。
钢筋负温电渣压力焊应符合下列规定：
(1)
电渣压力焊宜用千HRB400 热轧带肋钢筋。
(2)
电渣压力焊机容最应根据所焊钢筋直径选定。
(3) 焊剂应存放于干燥库房内，在使用前经z50,..____,300°C 烘焙Zh 以上。
(4) 焊接前，应进行现场负温条件下的焊接工艺试验，经检验满足要求后方可正式
作业。
(5)
电渣压力焊焊接参数可按表10-4 选用。

--- PDF页1680 ---
330 
10 
季节性施工
钢筋负温电渣压力焊焊接参数
表10-4
钢筋直径
焊接温度
焊接电流
焊接电压
CV)
焊接通电时间
(s)
(mm) 
C'C) 
(A) 
电弧过程
电渣过程
电弧过程
电渣过程
—10 
300~350 
14~18 
20~25 
6~8 
-20 
350~400 
—10 
350~400 
20 
-20 
400~450 
35~45 
18~22 
-10 
400~450 
22 
25~30 
8~10 
—20 
500~550 
—10 
450~500 
25 
—20 
550~600 
注：本表系采用常用HJ431 焊剂和半自动焊机参数。
(6) 焊接完毕，应停歇20s 以上方可卸下夹具回收焊剂，回收的焊剂内不得混入冰
雪，接头渣壳应待冷却后清理。
10. 1. 4 
混凝土工程冬期施工措施与要求
10. 1. 4. 1 
一般规定
冬期浇筑的混凝土，其受冻临界强度应符合下列规定：
(1) 采用蓄热法、暖棚法、加热法等施工的普通混凝土，采用硅酸盐水泥、普通硅酸
盐水泥配制时，其受冻临界强度不应小于设计混凝土强度等级值的30%; 采用矿渣硅酸
盐水泥、粉煤灰硅酸盐水泥、火山灰质硅酸盆水泥、复合硅酸盐水泥时，不应小千设计混
凝土强度等级值的40% 。
(2)
当室外最低气温不低于— 15°C 时，采用综合蓄热法、负温养护法施工的混凝土受
冻临界强度不应小千4. OMPa; 当室外最低气温不低于— 30°C 时，采用负温养护法施工的
混凝土受冻临界强度不应小千5. OMPa 。
(3) 对强度等级等于或高于C50 的混凝土，不宜小千设计混凝土强度等级值的30% 。
(4) 对有抗渗要求的混凝土，不宜小于设计混凝土强度等级值的50% 。
(5) 对有抗冻耐久性要求的混凝土，不宜小于设计混凝土强度等级值的70% 。
(6)
当采用暖棚法施工的混凝土中掺入早强剂时，可按综合蓄热法受冻临界强度
取值。
(7)
当施工需要提高混凝土强度等级时，应按提高后的强度等级确定受冻临界强度。
混凝土工程冬期施工热工计算应符合以下规定。
混凝土的配制宜选用硅酸盐水泥或普通硅酸盐水泥，并应符合下列要求：
(1)
当采用蒸汽养护时，宜选用矿渣硅酸盐水泥。
(2) 混凝土最小水泥用歉不宜低于280kg/m3, 水胶比不应大于0.55 。
(3) 大体积混凝土的最小水泥用量，可根据实际情况决定。
(4) 强度等级不大千C15 的混凝土，其水胶比和最小水泥用最可不受以上限制。
拌制混凝土所用骨料应清洁，不得含有冰、雪、冻块及其他易冻裂物质。掺加含有

--- PDF页1681 ---
10. 1 
冬期施工措施与要求
331 
钾、钠离子的防冻剂混凝土，不得采用活性骨料或在骨料中混有此类物质的材料。
冬期施工混凝土选用外加剂应符合现行国家标准《混凝土外加剂应用技术规范》
GB
50119 的相关规定。非加热养护法混凝土施工，所选用的外加剂应含有引气组分或掺入引
气剂，含气趾宜控制在3. o%~s. 0% 。
钢筋混疑土掺用氯盐类防冻剂时，氯盐掺量不得大于水泥质量的
1. 0% 。掺用氯盐的
混凝土应振捣密实，且不宜采用蒸汽养护。
在下列情况下，不得在钢筋混凝土结构中掺用氯盐：
(1) 排出大鼠蒸汽的车间、浴池、游泳馆、洗衣房和经常处于空气相对湿度大于
80% 的房间以及有顶盖的钢筋混凝土蓄水池等在高湿度空气环境中使用的结构。
(2) 处于水位升降部位的结构。
(3) 露天结构或经常受雨、水淋的结构。
(4) 有锭锌钢材或铝铁相接触部位的结构，和有外露钢筋、预埋件而尤防护措施的
结构。
(5) 与含有酸、碱或硫酸盐等侵蚀介质相接触的结构。
(6) 使用过程中经常处千环境温度为60°C 以上的结构。
(7) 使用冷拉钢筋或冷拔低碳钢丝的结构。
(8) 薄壁结构，中级和重级工作制吊车梁、屋架、落锤或锻锤基础结构。
(9)
电解车间和直接靠近直流电源的结构。
(10) 直接靠近高压电源（发电站、变电所）的结构。
(11)
预应力混凝土结构。
模板外和混凝土表面覆盖的保温层，不应采用潮湿状态的材料，也不应将保温材料直
接铺盖在潮湿的混凝土表面，新浇混凝土表面应铺一层塑料薄膜。
采用加热养护的整体结构，浇筑程序和施工缝位置的设置，应采取能防止产生较大温
度应力的措施。当加热温度超过45°C 时，应进行温度应力核算。
型钢混凝土组合结构，浇筑混凝土前应对型钢进行预热，预热温度宜大千混凝土入模
温度。
10. 1. 4. 2 
混凝土原材料加热、拌合、运输和浇筑
混凝土原材料加热宜采用加热水的方法。当加热水仍不能满足要求时，可对骨料进行
加热。水、骨料加热的最高温度应符合表10-5 的规定。
当水和骨料的温度仍不能满足热工计算要求时，可提高水温到l00°C' 但水泥不得与
80°C 以上的水直接接触。
水泥强度等级
小于42.5 级
42. 5 级、
42. 5R 级及以上
拌合水及骨料加热最高温度
C°C)
拌合水
CC)
80 
60 
表10-5
骨料
('C)
60 
40 
水加热宜采用蒸汽加热、电加热、汽水热交换罐或其他加热方法。水箱或水池容积及
水温应能满足连续施工的要求。
砂加热应在开盘前进行，加热应均匀。当采用温加热料斗时，宜配备两个，交替加热

--- PDF页1682 ---
332 
10 
季节性施工
使用。每个料斗容积可根据机械可装高度和侧壁厚度等要求进行设计，每一个斗的容量不
宜小于3. 5m3 o 
预拌混凝土用砂应提前备足料，运至有加热设施的保温封闭储料棚（室）或仓内
备用。
水泥不得直接加热，袋装水泥使用前宜运入暖棚内存放。
混凝土搅拌的最短时间应符合表10-6 的规定。
混凝土搅拌的最短时间
(s)
表10-6
混凝土坰落度
(mm)
搅拌机容积
(L)
混凝土搅拌最短时间
Cs)
<250 
90 
冬80
250~500 
135 
>500 
180 
<250 
90 
>SO 
250~500 
90 
>SOO 
135 
注：采用自落式搅拌机时，应较本表搅拌时间延长30~60s; 采用预拌混凝土时，应较常温下预拌混凝土时间延
长15~30s 。
混凝土在运输、浇筑过程中的温度和覆盖的保温材料，进行热工计算后确定，且入模
温度不应低千5°C'
当不符合要求时，应采取措施进行调整。
混凝土运输与输送机具应进行保温或具有加热装置。泵送混凝土在浇筑前应对泵管进
行保温，并应采用与施工混凝土同配比砂浆进行预热。
混凝土浇筑前，应清除模板和钢筋上的冰雪和污垢。
冬期不得在强冻胀性地基土上浇筑混凝土；在弱冻胀性地基土上浇筑混凝土时，基土
不得受冻。在非冻胀性地基土上浇筑混凝土时，混凝土受冻临界强度应符合规定。
大体积混凝土分层浇筑时，已浇筑层的混凝土在未被上一层混凝土覆盖前，温度不应
低千2°C 。采用加热法养护混凝土时，养护前的混凝士温度也不得低千2°C 。
混凝土拌合物的温度计算：
一般混凝土拌合物的温度应通过热工计算予以确定。混疑土的拌合物温度计算包括两
类：一是利用热量公式计算；二是利用有关数据，事先编制现成的图表来计算。
由千混凝上拌合物的热械是由各种材料提供，各种材料的热扯则可按材料的重量、比
热容及温度的乘积相加求得，因而混凝土拌合物的温度计算见式
(10-1):
式中
T。= 0. 92(mce 兀+m劝兀+mg 兀）+4. 2T(m —Wsamsa —Wgmg) 
4. 2mw + o. 9(mce +m 、a +mg) 
C1 (饥am邓兀+w严g 兀）-cz(饥amsa +wgmg) 
4. 2mw + o. 9(mcc + m江十mg)
T。
混凝土拌合物的温度
C°C);
m 、
mce 、
msa 、mg
水、水泥、砂、石用最
(kg);
T、兀、兀、兀
水、水泥、砂、石的温度
C°C);
Wsa 、Wg
砂、石的含水率(%);
C1 、
Cz
水的比热容
[kJ/ (kg• K)] 及冰的熔解热
CkJ/kg) 。
(10-1) 

--- PDF页1683 ---
10. 1 
冬期施工措施与要求
333 
当骨料的温度低于0°C 时，所含的水处于冻结状态，考虑到将冰的温度提高到0°C 并
变成水所需的热量：
当骨料温度大于0°C 时，
C1 = 4. 2, Cz = 0; 
当骨料温度小于等于0°C 时，
C1 = 2. 1, Cz = 335 。
混凝士拌合物出机温度计算：
可由式
(10-2)
计算：
T1 = T。-0.16(T。-T;)
式中
兀
混凝土拌合物出机温度
C°C);
T。
混凝土拌合物的温度
C°C);
兀
搅拌机棚内温度
C°C) 。
混凝土拌合物运输与输送至浇筑地点时的温度计算：
可按式
(10-3)~式
(10-5)
计算：
(1) 现场拌制混凝土采用装卸式运输工具时：
兀＝兀一心Ty
(2) 现场拌制混凝土采用泵送施工时：
兀＝兀— t::.Tb
(3) 采用商品混凝土泵送施工时：
(10-2) 
(10-3) 
(10-4) 
兀= T1 -t::.Ty-t::. 兀
(10-5)
其中心Ty 、心九分别为采用装卸式运输工具运输混凝土时的温度降低和采用泵管输
送混凝土时的温度降低，可按照式
(10-6) 、式
(10-7)
计算：
.6.Ty = (如+ 0. 032n) (T1 —兀）
(10-6) 
3. 6 
6Tb = 4w X 
X 6T1 X T2 X 
Dw 
(10-7) 
0.4+ 少
Cc• pc• D: 
入b
式中
兀
混凝土拌合物运输与输送到浇筑地点时温度
C°C);
凶兀
采用装卸式运输工具运输混凝土时的温度降低
C°C);
A兀
采用泵管输送混凝土时的温度降低
C°C);
凶九
泵管内混凝土的温度与环境气温差
C°C),
当现场拌制混凝土采用泵送工艺输
送时心T1= 兀— Ta; 当商品混凝土采用泵送工艺输送时：凶兀=T1 -Ty —兀；
卫
室外环境温度
C°C);
兀
混凝土拌合物运输的时间
Ch);
卫
混溉土在泵管内输送的时间
Ch);
n 
混凝土拌合物运转次数；
Cc 
混凝土的比热容
[kJ/ (kg•K)]; 
Pc 
混凝土的质量密度
Ckg/m3);
入b
泵管外保温材料导热系数
[W/ Cm•K)]; 
db 
泵管外保温层厚度
Cm);

--- PDF页1684 ---
334 
10 
季节性施工
D1 
混凝土泵管内径(m);
Dw 
混凝土泵管外围直径（包括外围保温材料）(m); 
w 
透风系数，可按照表10-7 取值；
a 
温度损失系数
(h~1);
采用混凝士搅拌车时：a= 0. 25; 采用开敞式大型自
卸汽车时：a= 0. 30; 采用封闭式自卸汽车时：a= O. l; 采用手推车或吊斗
时：a= 0. 50 。
透风系数o
表10-7
透风系数w
围护层种类
Vw < 3m/s 
3m/s冬Vw女5m/s
Vw>3m/s 
围护层由易透风材料组成
2.0 
2. 5 
3.0 
易透风保温材料外包不易透风材料
1.5 
1.8 
2.0 
围护层由不易透风材料组成
1. 3 
1. 45 
1. 6 
注：
Vw—风速。
混凝上图浇筑完成时的温度计算：
混凝士入模温度和自然温度、保温材料及条件、结构表面系数和混凝土强度要求等因
素有关，一般由热工设计来确定。考虑模板和钢筋的吸热影响，混疑土浇筑成型完成时的
温度，可按式
(10-8)
计算：
兀＝CmcTz +Crm1 兀+c、m,Ts
Ccmc + C1m1 + Csm, 
(10-8) 
式中
兀
考虑模板和钢筋吸热影响，混凝土成型完成时的温度
C°C);
C 、C 、C
混凝土、模板、钢筋的比热容[kJ / C kg·K) ] ; 混凝土取lkJ/ (kg· 
K), 钢材取0. 48kJ/ (kg·K); 
me 
每立方米混凝士重最
(kg);
mr, m, 
与每立方米混凝土相接触的模板、钢筋重量
(kg);
兀、丁
模板、钢筋的温度，未预热者可采用当时的环境气温
C°C) 。
【例1】设每立方米混凝土中的材料用量为：水150kg 、水泥300kg 、砂600kg 、石
1350kg 。材料温度为：水70°C 、水泥5°C 、砂40°C 、石— 3°C 。砂含水率5%, 石含水率
2% 。搅拌棚内温度为5°C 。混凝土拌合物用人力手推车运输，倒运共2 次，运输和成型
共历时0.5h,
当时气温— 5°C 。与每立方米混凝土相接触的钢模板和钢筋共重450kg, 并
未预热。试计算混凝土浇筑完毕后的温度。
【解】混凝土拌合物的理论温度：
兀=[O. 92 X (300 X 5 + 600 X 40 —1350 X 5) + 4. 2 X 70 X (150 -
0. 05 X 600 
- 0. 02 X 1350) + 4. 2 X 0. 05 X 600 X 40 —2. 1 X 0. 02 X 1350 X 3 -
330 
X 0. 02 X 1350]--:- [ 4. 2 X 150 + 0. 9 X (300 + 600 + 1350)] = 15. 3°C 
混凝土从搅拌机中倾出时的温度：
T1 = 15. 3 -
O. 16 X 05. 3 —5) = 13. 7°C 
混凝土经运输成型后的温度：
兀= 13. 7 -
(0. 5 X 0. 5 + 0. 032 X 2) 03. 7 + 5) = 7. 8°C 

--- PDF页1685 ---
10. 1 
冬期施工措施与要求
335 
混凝土因钢模板和钢筋吸热后的温度：
兀= (2400 X 1 X 7. 8 —450 X 0. 48 X 5)--;- (2400 X 1 + 450 XO. 48) = 6. 7°C 
混疑土浇筑完毕后的温度为6. re 。
冬期不得在强冻胀性地基土上浇筑混凝土，在弱冻胀性地基土上浇筑时，基土应进行
保温，以免遭冻。
混凝土在浇筑前，应清除模板和钢筋上的冰雪和污垢。运输和浇筑混凝土用的容器应
有保温措施。
混凝土拌合物入模浇筑，必须经过振捣，使其内部密实，并能充分填满模板各个角
落，制成符合设计要求的构件，木模板更适合混凝土的冬期施工。模板各棱角部位应注意
做加强保温。
冬期振捣混凝土要采用机械振捣，振捣要迅速，浇筑前应做好必要的准备工作。混凝
土浇筑前宜采用热风机清除冰雪和对钢筋、模板进行预热。
浇筑基础大体积混疑土时，施工前要对地基进行保温以防止冻胀。新拌混凝土的入模温
度以
7,..___, 12°C 为宜。混凝土内部温度与表面温度之差不得超过20°c 。必要时应做保温覆盖。
分层浇筑厚大的整体式结构混凝土时，已浇筑层的混凝土温度在未被上一层混凝土覆
盖前不得低于2°C 。采用加热养护时，养护前的温度不得低于2°C 。
浇筑承受内力接头的混凝土（或砂浆），宜先将结合处的表面加热到正温。浇筑后的
接头混凝土（或砂浆）在温度不超过45°C 的条件下，应养护至设计要求强度，当设计无
要求时，其强度不得低千设计强度的70% 。
预应力混凝土构件在进行孔道和立缝的灌浆前，浇灌部位的混凝土须经预热，并宜采
用热的水泥浆、砂浆或混凝土，浇灌后在正温下养护到强度不低于15N/mm2
0 
10. 1. 4. 3 
用成熟度法计算混凝土早期强度
成熟度法的适用范围及条件应符合下列规定：
(1) 本法适用于不掺外加剂在50°C 以下正温养护和掺外加剂在30°C 以下正温养护的
混凝土，亦可用于掺防冻剂负温养护法的混疑土。
(2) 本法适用千预估混凝土强度标准值60% 以内的强度值。
(3) 应用工程实际使用的混凝土原材料和配合比，制作不少于5 组混凝土立方体标准
试件，在标准条件下养护，得出ld 、
2d 、
3d 、
7d 、
28d 的强度值。
(4) 采用本法应取得现场养护混凝土的连续温度实测资料。
用计算法确定混凝土强度应按下列步骤进行：
(1) 用标准养护试件各龄期强度数据，经回归分析拟合成下式曲线方程：
f = aeD 
式中
J 
混凝土立方休抗压强度
(MPa);
D 
混凝土养护龄期
Cd);
e 
自然对数，
e=2. 72; 
a 、
b
参数。
(10-9) 
(2) 根据现场的实测混凝土养护温度资料，用式
(10-10) 计算混凝土已达到的等效
龄期：
t =~(aT• tT) 
(10-10) 

--- PDF页1686 ---
336 
10 
季节性施工
式中
t 
等效龄期
Ch);
珩
温度为T°C 的等效系数，按表10-8 采用；
行
温度为T°C 的持续时间
Ch) 。
等效系数UT
表10-8
温度T CC) 
等效系数叮
温度T CC) 
等效系数aT
温度T ('C) 
等效系数叮
50 
2.95 
28 
1. 41 
6 
0. 45 
49 
2. 87 
27 
1. 36 
5 
0. 42 
48 
2. 78 
26 
1. 30 
4 
0.39 
47 
2. 71 
25 
1. 25 
3 
0. 35 
46 
2. 63 
24 
1. 20 
2 
0. 33 
45 
2. 55 
23 
1. 15 
1 
0.31 
44 
2. 48 
22 
1. 10 
。
0. 28 
43 
2.40 
21 
1. 05 
—l 
0. 26 
42 
2.32 
20 
1. 00 
~2 
0. 24 
41 
2.25 
19 
0. 95 
—3 
0. 22 
40 
2. 19 
18 
0. 90 
—4 
0. 20 
39 
2. 12 
17 
0.86 
~5 
0. 18 
38 
2.04 
16 
0. 81 
—6 
0. 17 
37 
1. 98 
15 
0. 77 
—7 
0. 15 
36 
1. 92 
14 
o. 74 
—8 
0. 13 
35 
1. 84 
13 
o. 70 
—9 
0. 12 
34 
1. 77 
12 
o. 66 
—10 
0. 11 
33 
1. 72 
11 
0. 62 
—11 
0. 10 
32 
1. 66 
10 
0. 58 
—12 
0.08 
31 
1. 59 
9 
0. 55 
—13 
0.08 
30 
1. 53 
8 
0. 51 
-14 
0.07 
29 
1. 47 
7 
0.48 
—15 
0.06 
(3)
以等效龄期
t 代替D 代入式
(10-4)
可算出强度。
用图解法估算混凝土强度的步骤：
(1) 根据标准养护试件各龄期强度数据，在坐标系上绘出龄期－强度曲线；
(2) 根据现场实测的混凝土养护温度资料，计算混凝土达到的等效龄期；
(3) 根据等效龄期数值，在龄期－强度曲线上查出相应强度值，即为所求值。
【例2】某混凝士在试验室测得20°C 标准养护条件下的各龄期强度值见表10-9 。混凝
土浇筑后测得构件的温度见表10-10 。试估算混凝土浇筑后38h 时的强度。
标养试件试验结果
表10-9
标养龄期
Cd)
抗压强度
(N/mm勹
2 
3 
7 
4. 0 
11. 0 
15.4 
21. 8 

--- PDF页1687 ---
10. 1 
冬期施工措施与要求
337 
混凝土浇筑后测温记录及计算
表10-10
从浇筑起算的时间
Ch)
温度
C°C)
间隔的时间
平均温度
aT 
叮• tT 
。
14 
2 
20 
2 
17 
0.86 
1. 72 
4 
26 
2 
23 
1. 15 
2. 30 
6 
30 
2 
28 
1. 41 
2.82 
8 
32 
2 
31 
1. 66 
3.32 
10 
36 
2 
34 
1. 77 
3.54 
12 
40 
2 
38 
2.04 
4.08 
14 
40 
26 
40 
2. 19 
56. 94 
T = aT• tT 
74. 72 
【解】O计算法
根据表10-9 的数据，通过回归分析求得曲线方程为：
10)
/
III 
__ 
_ 
了
十
a 
表
M
P
见
（
)54-/ 
方
d.-
15 
l1 
I 
I, 
I 
I 
10 
.= 
2520151050 
f 
3 
( 
9 
98D 
1
-
7
2
值
(
N，
启
詈
垢
4
度
e 
9 
7
强
期
5 
4 
土
龄
.= 
t 
9 
2 
期
凝
出龄
混
绘
__ 
效
得
上
f 
等
求
系得
，
标求
式
坐算
上
在
据
计
入
数
经
代
,
D
勺
h 
中
录
期
9 
记
龄
法
1
0
温
为
解
表
测
作据
t
根
取
＠
将
强度曲线，如图10-1 所示。
根据测温记录（表10-10) 计算等效龄期
t, 在龄期－强度曲线上查得强度值为
15. 54N/ 
mm2, 即为所求值。
用蓄热法或综合蓄热法养护时亦可按如下
步骤求算混凝土强度：
(1) 用标准养护试件各龄期强度数据，经回归分析拟合成成熟度强度曲线方程
2 
3 
4 
龄期(d)
5 
6 
7 
图10-1
某混凝土的龄期－强度曲线（标养）
f= 应召
式中
J 
混凝土立方体抗压强度
(N/mm2);
a 、b
参数；
M 
混凝土养护的成熟度
C°C·h), 按式
(10-12)
计算。
(10-11) 
M =~CT+ 15)t 
(10-12) 
式中
T 
在时间段t 内混凝土平均温度
C°C);
t 
温度的持续时间
Ch) 。
(2) 取成熟度M 代入式
(10-11)
可算出强度f 。
(3) 取强度J 乘以综合蓄热法调整系数0.8 。
【例3】某混凝土采用综合蓄热法养护，浇筑后混凝土测温记录见表10-11 。用该混凝
土成型的试件，在标准条件下养护各龄期强度见表
10-12 。求混疑土养护到80h 时的
强度。

--- PDF页1688 ---
338 
10 
季节性施工
【解】
CD 根据标准养护试件的龄期和强度资料算出成熟度，见表10-12 。
＠用表10-12 的成熟度－强度数据，经回归分析拟合成如下曲线方程：
2310. 688 
f = 20. 627e—
M 
＠根据养护测温资料，按式
(10-12) 计算成熟度，见表10-11 。
＠取成熟度M 值代入方程即求出J 值：
f 
2310. 688 
= 20. 627e—
M 
= 3. 8MPa 
＠将所得的J 值乘以系数0.8 。
3. 8XO. 8=3. 04MPa, 即为经养护后混凝土达到的强度。
混凝土浇筑后测温记录及计算
表10-11
1 
2 
3 
4 
5 
从浇筑起算
实测养护
间隔的时间t
平均温度
CT+ 15)t 
。
15 
4 
12 
4 
13.5 
114 
8 
10 
4 
11. 0 
104 
12 
9 
4 
9. 5 
98 
16 
8 
4 
8.5 
94 
20 
6 
4 
7. 0 
88 
24 
4 
4 
5.0 
80 
32 
2 
4 
3.0 
144 
40 
。
4 
1.0 
128 
60 
—2 
20 
—1.0 
280 
80 
—4 
20 
—3.0 
240 
t 
M = I: CT+ 15)t 
1370 
。
标准养护各龄期混凝土强度例表
表10-12
龄期
Cd)
强度MPa
成熟度
CC• h) 
3 
1-L 
2 
5.4 
1680 
2 
3
一
＆
4 
13. 7 
840 
2520 
5880 
10. L 4. 4 
混凝土蓄热法和综合蓄热法养护
当室外最低温度不低千— 15°C 时，地面以下的I程，或表面系数不大于5m-l 的结构，
宜采用蓄热法养护。对结构易受冻的部位，应加强保温措施。
当室外最低气温不低千— 15°C 时，对于表面系数为5m— 1~15m— 1 的结构，宜采用综
合蓄热法养护，围护层散热系数宜控制在50kJ/ (m3• h• K)~200k] / (m3• h• K) 
之间。
综合蓄热法施工的混凝土中应掺入早强剂或早强型复合外加剂，并应具有减水、引气
作用。
混凝土浇筑后应采用塑料布等防水材料对裸露表面覆盖并保温。对边、棱角部位的保

--- PDF页1689 ---
10. 1 
冬期施工措施与要求
339 
温层厚度应增大到面部位的
z,..._,3 倍。混凝土在养护期间应防风、防失水。
混凝土蓄热养护过程中的计算：
(1) 混疑土蓄热养护开始到任一时刻t 的温度，可按式
(10-13)
计算：
T= r;e呏•vcc•t —中e—vcc•t + Tm,a 
(10-13) 
(2) 混凝土蓄热养护开始到任一时刻t 的平均温度，可按式
(10-14)
计算：
几＝卢[cpe—vcc•t -fe-0•vcc•t + i —cp]+Tm,a 
(10-14) 
其中0、中、？为综合参数，按式
(10-15)
计算：
() = w• K• M 
Vce•Qce"Pc 
伊＝
Vee 
O Qce 
O mce 
Vee• Qcepc —w• K 0M 
刀＝卫— Tm,a+ 中
(10-15) 
K= 
3. 6 
n 
0. 04+ 
d 
~---2 
i~I
入1
式中
T 
混凝土蓄热养护开始到任一时刻
t 的温度
C°C);
兀
混凝土蓄热养护开始到任一时刻
t 的平均温度
C°C);
t 
混凝土蓄热养护开始到任一时刻的时间
Ch);
Tm,a 
混凝土蕃热养护开始到任一时刻
t 的平均气温
CC),
可采用蓄热养护开始
至t;
M 
结构表面系数
(m-1);
K 
结构围护层的总传热系数
[kJ/ (m2·h·K)]; 
化
水泥水化累积最终放热最
CkJ/kg);
Vee 
水泥水化速度系数
Ch— 1);
mce』
每立方米混凝土水泥用扯
(kg/m3);
d; 
第
i 层围护层厚度
(m);
入
第
z 层围护层的导热系数
[W/
(m·K)] 。
水泥水化累积最终放热屈Qce 水泥水化速度系数Vee 及透风系数o 取值见表10-13 和
表10-7 。
水泥水化累积最终放热量Qce 和水化速度系数
Vee
表10-13
水泥品种及强度等级
Qce (kJ/kg) 
Vee (h一］）
硅酸盐、普通硅酸盐及强度等级52.5
400 
0.018 
硅酸盐、普通硅酸盐及强度等级42. 5 
350 
0. 015 
矿渣、火山灰质、粉煤灰、复合硅酸盐水泥及强度等级42.5
310 
0. 013 
矿渣、火山灰质、粉煤灰及强度等级32.5
260 
0. 011 

--- PDF页1690 ---
340 
10 
季节性施工
当需要计算混凝土蓄热养护冷却至0°C 的时间时，可根据式
(10-13) 采用逐次逼近
的方法进行计算。如果蓄热养护条件满足』三多1. 5' 且KAf?SO 时，也可按式
(10-16)
Tm.a 
直接计算：
t。=上ln 立－
Vee 
T m,a 
(10-16) 
式中
t 。
混凝土蓄热养护冷却至0°C 的时间
Ch) 。
混凝土冷却至0°C 的时间内，其平均温度可根据式
(10- 16) 取t = t。进行计算。
10. 1. 4. 5 
混凝土蒸汽养护法
混凝土蒸汽养护法可采用棚罩法、蒸汽套法、热模法、内部通汽法等方式进行。其适
用范围应符合下列规定：
(1) 棚罩法适用千预制梁、板、地下基础、沟道等。
(2) 蒸汽套法适用于现浇梁、板、框架结构、墙、柱等。
(3) 热模法适用千端、柱及框架架构。
(4)
内部通汽法适用于预制梁、柱、衔架，现挠梁、柱、框架单梁。
蒸汽养护法应采用低压饱和蒸汽，当工地有高压蒸汽时，应通过减压阀或过水装置后
方可使用。
蒸汽养护的混凝土，采用普通硅酸盐水泥时最高养护温度不得超过80°C, 采用矿渣
硅酸盐水泥时可提高到85°C 。当采用内部通汽法时，最高加热温度不应超过60°C 。
整体浇筑的结构，采用蒸汽加热养护时，升温和降温速度不得超过表10-14 规定。
结构表面系数
cm-1)
~6 
<6 
蒸汽加热养护混凝土升温和降温速度
升温速度
('C/h)
表10-14
降温速度
CC/h)
15 
10 
10 
5 
蒸汽养护应包括升温
恒温—降温二个阶段，各阶段加热延续时间可根据养护结束时
要求的强度确定。
采用蒸汽养护的混凝土，可掺入早强剂或非引气型减水剂。
蒸汽加热养护混疑土时，应排除冷凝水，并应防止渗入地基土中。当有蒸汽喷出口
时，喷嘴与混凝土外露面的距离不得小千300mm 。
10. 1. 4. 6 
电加热法养护混凝土
电加热法养护混凝土的温度应符合表10-15 的规定。
电加热法养护混凝土的温度
C°C)
表10-15
I 
结构表面系数
(m-1)
水泥强度等级
I 
<10 
10~15 
>15 
32. 5 
I 
70 
50 
45 
42. 5 
I 
40 
40 
35 
注：采用红外线辐射加热时，其辐射表面可采用70~90°C, 32. 5 级的水泥强度等级仅代表砂渣、粉煤灰、火山
灰质硅酸盐水泥。

--- PDF页1691 ---
10. 1 
冬期施工措施与要求
841 
电极加热法养护混凝土的适用范围宜符合表10-16 的规定。
电极加热法养护混凝土的适用范例
表10-16
分类
常用电极规格
设置方法
适用范围
棒极
混凝土浇筑后，将电极穿过
梁、柱、厚度大于150mm 的
电极
<f,6 ~ 
<f,12 的钢筋短棒
模板或在混凝土表面插入混凝
板、墙及设备基础
内部
土体内
电极
在浇筑混凝土前将电极装入，
含筋较少的墙、柱、梁、大型
弦型
¢6 ~¢12 的钢筋，长为
2. 0 
与结构纵向平行，电极两端弯
柱基础以及厚度大于200mm 单
电极
~2. 5m 
成直角，由模板孔引出
侧配筋的板
表面电极
伈钢筋或厚1~2mrn, 宽30~
电极固定在模板内侧，或装
条形基础、墙及保护层大于
60mm 的扁钢
在混凝土的外表面
50mm 的大体积结构和地面等
混凝土采用电极加热法养护应符合下列规定：
(1)
电路接好应经检查合格后方可合闸送电。当结构工程最较大，需边浇筑边通电
时，应将钢筋接地线。电加热现场应设安全围栏。
(2) 棒形和弦形电极应固定牢固，并不得与钢筋直接接触。电极与钢筋之间的距离应
符合表10-17 的规定；当因钢筋密度大而不能保证钢筋与电极之间的距离满足表10-17 的
规定时，应采取绝缘措施。
电极与钢筋之间的距离
表10-17
工作电压
CV)
最小距离
(mm)
65.0 
50~70 
87.0 
80~100 
106. 0 
120~ 150 
(3) 加热均匀，且应加热到设计的混凝土强度标准值的50% 。在电极附近的辐射半
径方向每隔10mm 距离的温度差不得超过1°C 。
(4)
电极加热应在混凝土浇筑后立即送电。送电前混凝土表面应保温覆盖。混凝土在
加热养护过程中，洒水应在断电后进行。
混凝土采用电热毯法养护应符合下列规定：
(1)
电热毯宜由四层玻璃纤维布中间夹以电阻丝制成。其几何尺寸应根据混凝土表面
或模板外侧与龙骨组成的区格大小确定；电热毯的电压宜为60~80V,
功率宜为
75~100W 。
(2)
布置电热毯时，在模板周边的各区格应连续布毯，中间区格可间隔布毯，并应与
对面模板错开。电热毯外侧应设置岩棉板等性质的耐热保温材料。
(3)
电热毯养护的通电持续时间应根据气温及养护温度确定，可采取分段、间断或连
续通电养护工序。
混凝土采用工频涡流法养护应符合下列规定：
(1) 工频涡流法养护的涡流管应采用钢管，其直径宜为
12. 5mm, 壁厚宜为3mm 。

--- PDF页1692 ---
342 
10 
季节性施工
钢管内穿铝芯绝缘导线，其截面宜为25~35mm2, 技术参数宜符合表10-18 的规定。
项目
饱和电压降值
CV/m)
饱和电流值
CA)
钢管极限功率
(W/m)
涡流管间距
(mm)
工频涡流管技术参数
取值
1. 05 
200 
195 
150~250 
表10-18
(2) 各种构件涡流模板的配置应通过热工计算确定，也可按下列规定配置；
1) 柱：四面配置。
2) 梁：当高宽比大于2. 5 时，侧模宜采用涡流模板，底模宜采用普通模板；当高宽
比小于等于2. 5 时，侧模和底模皆宜采用涡流模板。
3) 墙板：距墙板底部600mm 范围内，应在两侧对称拼装涡流板；
600mm 以上部位，
应在两侧采用涡流和普通钢模交错拼装，并应使涡流模板对应面为普通模板。
4) 梁、柱节点：可将涡流钢管插入节点内，钢管总长度应根据混凝土最按6. OkW/面功
率计算；节点外围应保温养护。
(3)
当采用工频涡流法养护时，各阶段送电功率应使预养与恒温阶段功率相同，升温
阶段功率应大于预养阶段功率的
2. 2 倍。预养、恒温阶段的变压器一次接线为Y 形，升
温阶段接线应为八形。
线圈感应加热法养护宜用于梁、柱结构，以及各种装配式钢筋混凝土结构的接头混凝
土的加热养护。亦可用千荆钢混凝土组合结构的钢体、密筋结构的钢筋和模板预热，以及
受冻混凝土结构构件的解冻。
混凝土采用线圈感应加热养护应符合下列规定：
(1) 变压器宜选择50kVA 或lOOkVA 低压加热变压器，电压宜在6~110V 间调整。
当混凝土较少时，也可采用交流电焊机。变压器的容量宜比计算结果增加20%,..__,30% 。
(2) 感应线圈宜选用截面面积为35mm2 的铝质或铜质电缆，加热主电缆的截面面积
宜为150mm2,
电流不宜超过400A 。
(3) 当缠绕感应线圈时，宜靠近钢模板。构件两端线圈导线的间距应比中间加密一
倍，加密范围宜由端部开始向内至一个线圈直径的长度为止。端头应密缠5 圈。
(4) 最高电压值宜为80V, 新电缆电压值可采用lOOV, 但应确保接头绝缘。养护期
间电流不得中断，并应防止混凝土受冻。
(5) 通电后应采用钳形电流表和万能表随时检查测定电流，并应根据具体悄况随时调
整参数。
采用电热红外线加热器对混凝土进行辐射加热养护，宜用千薄壁钢筋混凝土结构和装
配式钢筋混凝土结构接头处混凝土加热。
10. 1. 4. 7 
暖棚法施工
暖棚法施工适用千地下结构工程和混凝土构件比较集中的工程。
暖棚法施工应符合下列规定：
(1) 应设专人监测混凝土及暖棚内温度，暖棚内各测点温度不得低千5°C 。测温点应

--- PDF页1693 ---
10. 1 
冬期施工措施与要求
343 
选择其有代表性的位置进行布置。在离地面500mm 高度处应设点，每昼夜测温不应少千
4 次。
(2) 养护期间应监测暖棚内的相对湿度，混凝土不得有失水现象，否则应及时采取增
湿措施或在混凝土表面洒水养护。
(3)
暖棚的出入口应设专人管理，并应采取防止棚内温度下降或引起风口处混凝土受
冻的措施。
(4) 在混凝土养护期间应将烟或燃烧气体排至棚外，并应采取防止烟气中毒和防火的
措施。
10. 1. 4. 8 
负温养护法
混凝土负温养护法适用于不易加热保温，且对强度增长要求不高的一般混凝土结构
工程。
负温养护法施工的混凝士，应以浇筑后5d 内的预计B 最低气温来选用防冻剂，起始
养护温度不应低千5°C 。
混凝士浇筑后，裸露表面应采取保湿措施；同时，应根据需要采取必要的保温覆盖
措施。
负温养护法施丁应加强测温；混凝上内部温度降到防冻剂规定温度之前，混凝土的抗
压强度应符合规定。
10. 1. 4. 9 
硫铝酸盐水泥混凝土负温施工
硫铝酸盐水泥混凝土可在不低于~2s°C 环境下施工，适用千下列工程：
(1) 主业与民用建筑工程的钢筋混凝土梁、柱、板、墙的现浇结构；
(2) 多层装配式结构的接头以及小截面和薄壁结构混凝土工程；
(3) 抢修、抢建工程及有硫酸盐腐蚀环境的混凝土工程。
使用条件经常处千温度高于80°C 的结构部位或有耐火要求的结构工程，不宜采用硫
铝酸盐水泥混凝土施工。
硫铝酸盐水泥混凝土冬期施工可选用ZaN02 防冻剂或NaN02 与Li2C03 复合防冻
剂，其掺量可按表10-19 选用。
硫铝酸盐水泥防冻剂掺星表
表10-19
环境最低气温
('C)
彦— 5
—5~ —15 
—15~ —25 
单掺NaN02
C%) 
0. 50~ 1. 00 
1. 00~3. 00 
3. 00~4. 00 
NaN02 (%) 
0. 00~ 1. 00 
1. 00~2. 00 
2. 00~4. 00 
复掺NaN02 与Li2C03
Li2C03 (%) 
o. 00~0. 02 
0. 02~0. 05 
0. 05~0. 10 
注：防冻剂掺量按水泥质盘百分比计。
拼装接头或小截面构件、薄壁结构施工时，应适当提高拌合物温度，并应加强保温
措施。
硫铝酸盐水泥可与硅酸盐类水泥混合使用，硅酸盐类水泥的掺用比例应小于10% 。
硫铝酸盐水泥混凝土可采用热水拌合，水温不宜超过50°C, 拌合物温度宜为5~
15°C, 坰落度应比普通混凝土增加10~20mm。水泥不得直接加热或直接与30°C 以上热水
接触。

--- PDF页1694 ---
344 
10 
季节性施工
采用机械搅拌和运输车运输，卸料时应将搅拌筒及运输车内混凝土排空，并应根据混
凝土凝结时间悄况，及时清洗搅拌机和运输车。
混凝土应随拌随用，并应在拌制结束30min 内浇筑完毕，不得二次加水拌合使用。
混凝土入模温度不得低千2°C 。
混凝土浇筑后覆盖保温材料。
混凝土养护不宜采用电热法或蒸汽法。当混凝土结构体积较小时，可采用暖棚法养
护，但养护温度不宜高于30°C 。当混凝土结构体积较大时，可采用蓄热法养护。
10. 1. 4. 10 
混凝土质量控制及检查
混凝上冬期施工质量检查除应符合现行国家标准《混凝土结构工程施工质晕验收规
范》GB 50204 以及国家现行有关标准规定外，尚应符合下列规定：
(1) 应检查外加剂质量及掺扯；外加剂进入施工现场后应进行抽样检验，合格后方准
使用。
(2) 应根据施工方案确定的参数检查水、骨料、外加剂溶液和混凝土出机、浇筑、起
始养护时的温度。
(3) 应检查混凝土从入模到拆除保温层或保温模板期间的温度。
(4) 采用预拌混凝土时，原材料、搅拌、运输过程中的温度及混凝土质量检查应由预
拌混凝土生产企业进行，并应将记录资料提供给施工单位。
施工期间的测温项目与频次应符合表10-20 规定。
施工期间的测温项目与次数
表10-20
测温项目
频次
室外气温
测量最高、最低气温
环境温度
每昼夜不少于4 次
搅拌机棚温度
每一丁作班不少于4 次
水、水泥、矿物掺合料、砂、石及外加剂溶液温度
每一工作班不少于4 次
混凝土出机、浇筑、入模温度
每一工作班不少于4 次
混凝土养护期间的温度测最应符合下列规定：
(1) 采用鲨热法或综合蓄热法时，在达到受冻临界强度之前应每隔4~6h 测最一次。
(2) 采用负温养护法时，在达到受冻临界强度之前应每隔2h 测量一次。
(3) 采用加热法时，升温和降温阶段应每隔lh 测最一次，恒温阶段每隔2h 测量
一次。
(4) 混凝土在达到受冻临界强度后，可停止测温。
(5) 大体积混凝土养护期间的温度测量尚应符合现行国家标准《大体积混凝土施工标
准》
GB 50496 的相关规定。
养护温度的测量方法应符合下列规定：
(1) 测温孔应编号，并应绘制测温孔布置图，现场应设置明显标识。
(2) 测温时，测温元件应采取措施与外界气温隔离；测温元件测量位置应处千结构表
面下20mm 处，留置在测温孔内的时间不应少千3min 。
(3) 采用非加热法养护时，测温孔应设置在易于散热的部位；采用加热法养护时，测

--- PDF页1695 ---
10. 1 
冬期施工措施与要求
345 
温孔应分别设置在离热源不同的位置。
混凝土质鼠检查应符合下列规定：
(1) 应检查混凝土表面是否受冻、粘连、收缩裂缝，边角是否脱落，施工缝处有无受
冻痕迹。
(2) 应检查同条件养护试块的养护条件是否与结构实体相一致。
(3) 推定混凝土强度时，应检查测温记录与计算公式要求是否相符。
(4) 采用电加热养护时，应检查供电变压器二次电压和二次电流强度，每一工作班不
应少于两次。
模板和保温层在混凝土达到要求强度并冷却到5'°C 后方可拆除。拆模时混凝土表面与
环境温差大千20°C 时，混凝士表面应及时覆盖，缓慢冷却。
混凝土抗压强度试件的留置除应按现行国家标准《混凝土结构工程施工质量验收规
范》GB 50204 规定进行外，尚应增设不少于2 组同条件养护试件。
10. 1. S 
装配式混凝土结构工程冬期施工措施与要求
10. 1. 5. 1 
装配式混凝土构件的制作
装配式混凝土构件厂应具备相应的生产工艺设施，并应有完善的质量管理体系和必要
的试验检测手段。冬期施工期间，编制详细的冬期施工方案，保证构件的成型质戳。
构件用混凝土的原材料及配合比设计应符合国家现行标准《混凝土结构工程施工规
范》
GB 50666 、《混凝土结构工程施工质量验收规范》GB 50204 、《建筑工程冬期施工规
程》JGJ/T 104 等有关规定。
构件用钢筋的加工、连接与安装应符合国家现行标准《混凝土结构工程施工规范》
GB 50666 、《混凝土结构工程施工质措验收规范》
GB 50204 、《建筑工程冬期施工规程》
JGJ/T 104 等有关规定。
构件用模板应符合国家现行标准《混凝土结构工程施工规范》GB 50666 、《混凝土结
构工程施工质量验收规范》GB 50204 、《建筑工程冬期施工规程》JGJ/T 104 等有关规定。
10. 1. 5. 2 
装配式混凝土构件的堆放及运输
构件运输及堆放前，应将车辆、构件、垫木及堆放场地的积雪、结冰清除干净，场地
应平整、坚实。
构件在冻胀性土壤的自然地面上或冻结前回填土地面上堆放时，应符合下列规定：
(1) 每个构件在满足强度、承载力条件下，应尽量减少支撑点数蜇。
(2) 对千大荆板、槽板及空心板等板类构件，两端的支点应选用长度大于板宽的
垫木。
(3) 构件堆放时，如支点为两个及以上时，应采取可靠措施防止土壤的冻胀和融化
下沉。
(4) 构件用垫木垫起时，地面与构件之间的间隙应大于150mm 。
在回填冻土并经一般压实的场地上堆放构件时，如构件重叠堆放时间长，应根据构件
重最，尽量减少重叠层数，底层构件支撑与地面接触面积应适当加大。在冻土融化之前，
应采取防止因冻土融化下沉造成构件变形和破坏的措施。
构件运输时，混凝土强度不得小千设计混凝土强度等级值的75% 。在运输车上的支

--- PDF页1696 ---
846 
10 
季节性施工
点设置应按设计要求确定，对于重叠运输的构件，应与运输车固定并防止滑移。
10. 1. 5. 3 
装配式混凝士构件的吊装
吊车行走的场地应平整，并应采取防滑措施，起吊的支撑点地基应坚实。
地描应具有稳定性，回填冻土的质最应符合设计要求，活动地铀应设防滑措施。
构件在正式起吊前，应先松动、后起吊。
凡使用滑行法起吊的构件，应采取控制定向滑行，防止偏离滑行方向的措施。
多层框架结构的吊装，接头混凝土强度未达到设计要求前，应加设缆风绳等防止整体
倾斜的措施。
10. 1. 5. 4 
装配式混凝土构件的连接与校正
冬期施工的装配整浇式构件接头应根据混凝土体积小、表面系数大、配筋密等特点，
采取相应的保证质量措施。
构件接头采用现浇混凝士连接时，应符合下列规定：
(1) 接头部位的积雪、冰霜等应清除干净。
(2) 承受内力接头的混凝土，当设计无要求时，其受冻临界强度不应低于设计强度等
级值的70% 。
(3) 接头处混凝土的养护应符合本手册第
10. 1. 5 节有关规定。
(4) 接头处钢筋的焊接应符合本手册第10. 1. 4 节有关规定。
混凝土构件预埋连接板的焊接除应符合本手册10. 1. 8 节有关规定。
混凝土柱、屋架及框架冬期安装，在阳光照射下校正时，应计入温差的影响，各固定
支撑校正后，应立即固定。
10. 1. 6 
砌体工程冬期施工措施与要求
10. 1. 6. 1 
一般规定
冬期施工所用材料应符合下列规定：
(1) 砖、砌块在砌筑前，应清除表面污物、冰雪等，不得使用遭水浸和受冻后表面结
冰、污染的砖或砌块。
(2) 砌筑砂浆宜采用普通硅酸盐水泥配制，不得使用无水泥拌制的砂浆。
(3) 现场拌制砂浆所用砂中不得含有直径大于10mm 的冻结块或冰块。
(4) 石灰膏、电石渣膏等材料应有保温措施，遭冻结时应经融化后方可使用。
(5) 砂浆拌合水温不宜超过80°C' 砂加热温度不宜超过40°C, 且水泥不得与80°C 以
上热水直接接触；砂浆稠度宜较常温适当增大，且不得二次加水调整砂浆和易性。
砌筑间歇期间，宜及时在砌体表面进行保护性覆盖，砌体面层不得留有砂浆。继续砌
筑前，应将砌体表面清理干净。
砌体工程宜选用外加剂法进行施工，对绝缘、装饰等有特殊要求的工程，应采用其他
方法。
施工B 记中应记录大气温度、暖棚内温度、砌筑时砂浆温度、外加剂掺最等有关
资料。
砂浆试块的留置，除应按常温规定要求外，尚应增设一组与砌体同条件养护的试块，
用千检验转入常温28d 的强度。如有特殊需要、可另外增加相应龄期的同条件试块。

--- PDF页1697 ---
10. 1 
冬期施工措施与要求
847 
砌体工程冬期施工主要方法，一般有外加剂法、暖棚法等。由千掺外加剂法施工工艺
简单，操作方便，负温条件下砂浆强度可持续增长，砌体不会发生冻胀变形，砌体工程冬
期施工，通常优先采用外加剂法。对便千覆盖保温的地下工程，或急需使用的小体量工
程，可采用暖棚法。
当地基土无冻胀性时，可在冻结的地基上砌筑，有冻胀性时，则应在未冻结的基土上
砌筑。施工期间或回填之前，应防止地基受冻。
砌筑施工时，砂浆温度不应低于5°C 。砂浆的搅拌出机温度不宜高千35°C 。
普通砖、空心砖和多孔砖在气温高于0°C 以上条件时，仍应进行浇水湿润，当气温等
千或低千0°C 时，不宜再浇水湿润，但砂浆必须增大稠度。抗窟设防烈度为9 度的建筑
物，普通砖、空心砖和多孔砖无法浇水湿润时，如无特殊措施不得砌筑施工。
加热方法，当有供汽条件时，可将蒸汽直接通入水箱，将水加热。也可将汽管直接插
入砂内送汽加热，此时应测定砂的含水率的变化。砂子还可用火坑加热，加热时可在砂上
浇些温水，加水量不宜超过5%,
以免冷热不匀，也可加快加热速度。砂不得在钢板上烧
灼加热。
水、砂的温度应经常检查，每小时不少于一次。温度计停留在砂内的时间不应少于
3min, 在水内停留时间不应少千lmin 。
冬期施工砂浆搅拌时间应适当延长，一般要比常温时增加0. 5~1 倍。
通常情况下，采取以下措施减少砂浆在搅拌、运输、存放过程中的热最损失：
(1) 搅拌机搭设保温棚或设在室内，采取供暖措施，保证环境温度不低千5°C 。砂浆
要随拌随运随用，避免二次倒运和积存。搅拌站应尽掀设置在靠近施工点的位置，缩短
运距。
(2) 砂浆运输存放工具、设备应采取保温措施，如手推车、吊斗、灰槽，可在外面加
设保温岩棉、棉被或聚苯板等保温材料作为保温层，手推车、吊斗上口可加木盖，进行
保温。
(3) 施工时砂浆应储存在保温灰槽中，砂浆应随拌随用，砂浆存放时间为普通砂浆不
宜超过15min, 掺外加剂砂浆不宜超过20min 。
(4) 保温灰槽和运输工具等应及时清理，下班后用热水冲洗干净，以免冻结。
严禁使用已冻结的砂浆，不得重新搅拌使用。
冬期施工的砖砌体应采用“三一＂砌筑法施工。砌砖铺灰时，宜随铺随砌，防止砂浆
温度降低太快。
冬期施工中，每日砌筑高度不宜超过
1. 2m, 墙体留置的洞口，距交接墙处不应小于
500mm。每天完工后，应将砌体上面灰浆刮掉，用草帘、棉被等保温材料覆盖保温，基
础砌体可随时用未冻土、中砂等回填沟槽保温防冻。
施工现场留置的砂浆试块，除按常温规定留置外，应增设不少千一组与砌体同条件养
护试块，用于检验转入常温28d 的强度。
当混凝土小砌块冬期施工砌筑砂浆强度等级低千MlO 时，其砂浆强度等级应比常温
施工提高一级。
10. 1. 6. 2 
材料要求
普通砖、空心砖、灰砂砖、混凝土小型空心砌块、加气混凝上砌块和石材在砌筑前，

--- PDF页1698 ---
348 
10 
季节性施工
应清除表面的冰雪、污物等，严禁使用遭水浸泡和冻结的砖或砌块。
砌筑砂浆宜优先选用干粉砂浆和预拌砂浆，水泥优先采用普通硅酸盐水泥，冬期砌筑
不得使用无水泥拌制的砂浆。
石灰膏、电石膏等宜保温防冻，当遭冻结时，应融化后才能使用。
拌制砂浆所用的砂，不得含有直径大于10mm 的冻结块和冰块。
拌合砂浆时，水温不得超过80°C, 砂的温度不得超过40°C 。砂浆稠度应比常温时适
当增加10,..___,30mm 。当水温过高时，应调整材料添加顺序，应先将水加入砂内搅拌，后加
水泥，防止水泥出现假凝现象。冬期砌筑砂浆的稠度见表10-21 。
冬期砌筑砂浆的稠度
表10-21
砌体种类
常温时砂浆稠度
(mm)
冬期时砂浆稠度
(mm)
烧结砖砌体
70~90 
90~ 110 
烧结多孔砖、空心砖砌体
60~80 
80~100 
轻骨料小型空心砌块砌体
60~90 
80~110 
加气混凝土砌块砌体
50~70 
80~100 
石材砌体
30~50 
40~60 
10.1. 6. 3 
夕卜力ll 齐肘去
采用外加剂法配制砂浆时，可采用氯盐或亚硝酸盐等外加剂。氯盐应以氯化钠为主，
当气温低于— 15°C 时，可与氯化钙复合使用。氯盐外加剂掺星可按表10-22 选用。
氯盐外加剂掺量
表10-22
H 最低气温
('C)
氯盐及砌体材料种类
诊
10 
11 
15 
16 
20 
21 
25 
砖、砌块
3 
5 
7 
单掺氯化钠（％）
石材
4 
7 
10 
氯化钠
;) 
广
7 
复掺（％）
砖、砌块
氯化钙
2 
3 
砌筑施工时，砂浆温度不应低于5°C 。
当设计无要求，且最低气温等千或低于一15°C 时。砌休砂浆强度等级应较常温施工提
高一级。
采用氯盐砂浆时，应对砌体中配置的钢筋及钢预埋件进行防腐处理。
砌体采用氯盐砂浆施工，每H 砌筑高度不宜超过
1. 2m, 墙体留置的洞口距交接墙处
不应小千500mm 。
在拌合水中掺入如氯化钠（食盐）、氯化钙或亚硝酸钠等抗冻外加剂，使砂浆砌筑后
能够在负温条件下继续增长强度，继续硬化，可不必采取防止砌体冻胀沉降变形的措施。
砂浆中的外加剂掺量及其适用温度应事先通过试验确定。
当施工温度在— 15°C 以上时，砂浆中可采用单掺氯化钠，当施工温度在— 15°C 以下
时，单掺低浓度的氯化钠溶液降低冰点效果不佳，可与氯化钙复合使用，其比例为氯化
钠：氯化钙2 : 1, 总掺盐量不得大千用水量的10%,
否则会导致砂浆强度降低。

--- PDF页1699 ---
10. 1 
冬期施工措施与要求
349 
当室外大气温度在— l0°C 以上时，掺盐量在3%,..___,5% 时，砂浆可以不加热；当低于
-l0°C 时，应加热原材料。首先应加热水，当满足不了温度需要时，再加热砂子。
通常情况固体食盐仍含有水分，含最一般在91%左右，氯化钙的纯度在83%,..___,85%之间。
外加剂溶液应巾专人配制，并应先配制成规定浓度溶液置千专用容器中，再按使用规
定加入搅拌机中。氯盐砂浆中复掺引气荆外加剂时，应在氯盐砂浆搅拌的后期掺入；在氯
盐砂浆中掺加砂浆增塑剂时，应先加氯盐溶液后再加砂浆增塑剂。
氯盐对钢筋有腐蚀作用，采用掺盐砂浆砌筑配筋砌体时，应对钢筋采取防腐措施，常
用方法如下：
方法一：涂刷樟丹两至三道，在涂料干燥后即可以进行砌筑。
方法二：刷沥青漆，沥青漆可按照以下比例配制，
30 号沥青：
10 号沥青：汽油=l: 1: Z 。
方法三：刷防锈涂料。防锈涂料可按照以下比例配制，水泥：亚硝酸钠：甲基硅酸
钠：水= 100 : 6 : Z : 30 。配制时，先用水溶解亚硝酸钠，与水泥搅拌后再加入甲基硅酸
钠，最后搅拌4,..___,smin 。配好的涂料涂刷在钢筋表面约1.5mm 厚，干燥后即可进行砌筑。
在下列情况下不得采用掺氯盐的砂浆砌体：
(1) 选用特殊材料，对装饰有特殊要求的工程。
(2) 建筑工程使用环境湿度超过80% 的。
(3) 配筋、配管、钢铁埋件等金属没有可靠的防腐防锈处理措施的砌体。
(4) 接近高压电线、高压设备的建筑物。
(5) 经常处千地下水位变化范围内，处在水位以下未设防水层的结构。
(6)
热工要求高的工程。
(7) 经常受40°C 以上高温影响的建筑物，砖与砂浆的温度差值砌筑时宜控制在Z0°C
以内，且不超过30°C 。
掺盐砂浆的粘结强度见表10-23 。
掺盐砂浆的粘结强度
(N/mm勹
表10-23
材料
常温养护28d
-15°C 恒温28d 转常温
砂浆抗压强度
粘结强度
养护28d 的粘结强度
砖－砖
7. 1 
0.095 
0.057 
砖－石
11. 3 
0. 118 
0.097 
石石
5. 7 
0. 153 
0. 135 
注：常温养护的砌体，用普通砂浆砌筑；负温转常温养护的砌体，用掺盐砂浆砌筑，砂浆中掺入5% 的食盐。
用掺盐砂浆砌筑的砖砌体，其抗压强度与抗剪强度见表10-24 。
用掺盐砂浆砌筑的砖砌体的抗压与抗剪强度
表10-24
砌筑季节
砖
龄期
Cd)
抗压强度
(N/mm勹
抗剪强度
(N/mm勹
砌筑时气温
C°C)
90 
2. 6 
0. 36 
干砖
日最低气温为— 14~-26°C,
180 
3. 1 
0.45 
冬期
H 最高气温为-9~ — 19°C
90 
2. 9 
0. 21 
湿砖
180 
3. 5 
0. 34 
常温期
湿砖
22 
3. 2 
0. 27 
平均气温21°c
注：砖采用MU7. 5, 砂浆采用M5, 冬期所用砂浆，掺入占水重5% 的食盐。

--- PDF页1700 ---
850 
10 
季节性施工
普通水泥掺氯化钠砂浆强度增长率见表10-25 。
普通水泥掺氯化钠砂浆强度增长率（％）
表10-25
砂浆硬化温度
C°C)
5%氯化钠
10% 氯化钠
h 
f2s 
h 
fzs 
5 
32 
75 
45 
95 
15 
14 
30 
20 
40 
10. 1. 6. 4 
暖棚法
暖棚法是将需要保温的砌体和工作面，利用简单或廉价的保温材料，进行临时封闭，
并在棚内加热，使其在正温条件下砌筑和养护。由千暖棚搭设投入大，效率低，通常宜少
采用。
暖棚法适用于地下工程、基础工程以及工期紧迫的砌体结构。
暖棚法施工时，暖棚内的最低温度不应低千5°C 。
砌体在暖棚内的养护时间应根据暖棚内的温度确定，并应符合表10-26 的规定。
暖棚法施工时的砌体养护时间
表10-26
暖棚内的温度
C°C)
养护时间
Cd)
l3 
10 
15 
20 
玄6
诊5
诊4
彦3
暖棚的加热可根据现场条件，应优先采用热风装置或电加热等方式，若采用燃气、火
炉等，应加强安全防火、防中毒措施。
采用暖棚法施工时，块体和砂浆在砌筑时的温度均不得低千5°C' 而距所砌结构底面
0. 5m 处的棚内气温也不应低于5°C 。
在确定暖棚的热耗时，应考虑围护结构材料的热量损失，地基土吸收的热掀和在暖棚
内加热或预热材料的热量损耗。
采用暖棚法施工，搭设的暖棚应牢固、整齐。宜在背风面设置一个出入口，并应采取
保温避风措施。当需设置两个出入口时，两个出入口不应对齐。
10. 1. 7 
钢结构工程冬期施工措施与要求
10.1.7.1 
一般规定
在负温下进行钢结构的制作和安装时，应按照负温施工的要求，编制钢结构制作工艺
规程和安装施工组织设计文件。
钢结构制作和安装采用的钢尺和量具，应和土建单位使用的钢尺和屈具相同，并应
采用同一精度级别进行鉴定。土建结构和钢结构应采取不同的温度膨胀系数差值调整
措施。
钢构件在正温下制作、负温下安装时，施I 中应采取相应调整偏差的技术措施。
参加负温钢结构施工的电焊丁应经过负温焊接工艺培训，并应取得合格证，方能参加
钢结构的负温焊接工作。定位点焊工作应由取得定位点焊合格证的电焊工来担任。
焊接环境温度低于— l0°C 时，必须进行相应焊接环境下的工艺评定试验，并应在评定
合格后再进行焊接。

--- PDF页1701 ---
10. 1 
冬期施工措施与要求
351 
10.1.7.2 
材料
冬期施工宜采用Q345 钢、
Q390 钢、
Q410 钢，其质趾应分别符合国家现行标准的
规定。
负温下钢结构的焊接梁、柱接头板厚大千40mm, 且在板厚方向承受拉力作用时，钢
材板厚方向的伸长率应符合现行国家标准《厚度方向性能钢板》GB/T 5313 的规定。
负温下施工的钢铸件应按现行国家标准《一般工程用铸造碳钢件》
GB/T 11352 中规
定的ZGZ00-400 、
ZG230-450 、
ZG270-500 、
ZG310-570 号选用。
钢材及有关连接材料应附有质最证明书，性能应符合设计和产品标准的要求。根据负
温下结构的重要性、荷载特征和连接方法，应按国家标准的规定进行复验。
负温下钢结构焊接用的焊条、焊丝应在满足设计强度要求的前提下，选择屈服强度较
低、冲击韧性较好的低氢荆焊条，重要结构可采用高韧性超低氢刑焊条。
负温下钢结构用低氢型焊条烘焙温度宜为350~380°C, 保温时间为
1. 5~2h, 烘焙后应
缓冷存放在110~120°C 烘箱内，使用时应取出放在保温筒内，随用随取。当负温下使用的焊
条外露超过4h 时，应重新烘焙。焊条的烘焙次数不宜超过2 次，受潮的焊条不应使用。
焊剂在使用前应按照质量证明书的规定进行烘焙，其含水量不得大于0.1% 。在负温下
露天进行焊接工作时，焊剂重复使用的时间间隔不得超过2h,
当超过时应重新进行烘焙。
气体保护焊采用的二氧化碳，气体纯度按体积比计不宜低千99. 5%, 含水最按质鼠
比计不得超过0. 005% 。
使用瓶装气体时，瓶内气体压力低于lMP 时应停止使用。在负温下使用时，要检查
瓶嘴有尤冰冻堵塞现象。
在负温下钢结构使用的高强螺栓、普通螺栓应有产品合格证，高强螺栓应在负温下进
行扭矩系数、轴力的复验工作，符合要求后方能使用。
钢结构使用的涂料应符合负温下涂刷的性能要求，不得使用水基涂料。
负温下钢结构基础描栓施工时，应保护好描栓螺纹端，不宜进行现场对焊。
10. 1. 7. 3 
钢结构制作
钢结构在负温下放样时，切割、铣创的尺寸，应考虑负温对钢材收缩的影响。
端头为焊接接头的构件下料时，应根据工艺要求预留焊缝收缩量，多层框架和高层钢
结构的多节柱应预留荷载使柱子产生的压缩变形最。焊接收缩最和压缩变形量应与钢材在
负温下产生的收缩变形量相协调。
形状复杂和要求在负温下弯曲加工的构件，应按制作工艺规定的方向取料。弯曲构件
的外侧不应有大于1mm 的缺口和伤痕。
低合金钢环境温度低于— 15°C 时不得剪切、冲孔，普通碳素结构钢工作地点温度低于
-l6°C 、低合金结构钢工作地点温度低千— 12°C 时不得进行冷矫正和冷弯曲。当工作地点
温度低于— 30°C 时，不宜进行现场火焰切割作业。
负温下对边缘加工的零件应采用精密切割机加工，焊缝坡口宜采用自动切割口采用坡
口机、创条机进行坡口加工时，不得出现鳞状表面。重要结构的焊缝坡口，应采用机械加
工或自动切割加工，不宜采用手工气焊切割加工。
构件的组装应按工艺规定的顺序进行，由里往外扩展组拼。在负温下组装焊接结构
时，预留焊缝收缩值宜由试验确定，点焊缝的数量和长度应经计算确定。

--- PDF页1702 ---
352 
10 
季节性施工
零件组装应把接缝两侧各50mm 内铁锈、毛刺、泥土、油污、冰雪等清理干净，并
应保持接缝干燥，不得残留水分。
当构件在负温下进行热矫正时，钢材加热矫正温度应控制在750~900°C 之间，加热
矫正后应保温覆盖使其缓慢冷却。
在负温下钢构件需成孔时，成孔工艺应选用钻成孔或先冲后扩钻孔。
在负温下制作的钢构件在进行外形尺寸检查验收时，应考虑检查当时的温度影响。
低于0°C 的钢构件上涂刷防腐或防火涂层前，应进行涂刷工艺试验。涂刷时应将构件
表面的铁锈、油污、边沿孔洞的飞边毛刺等清除干净，井应保持构件表面干燥。可用热风
或红外线照射干燥，干燥温度和时间应由试验确定。雨雪天气或构件上有薄冰时不得进行
涂刷工作。
钢结构焊接加固时，应由对应类别合格的焊工施焊：施焊镇静钢板的厚度不大于
30mm 时，环境空气温度不应低于— 15°C,
当厚度超过30mm 时，温度不应低于0°C;
当
施焊沸腾钢板时，环境空气温度应高于5°C 。
栓钉施焊环境温度低于0°C 时、打弯试验的数量应增加1%;
当栓钉采用手工电弧焊
或其他保护性电弧焊焊接时，其预热温度应符合相应工艺的要求。
10. 1. 7. 4 
钢结构安装
冬期运输、堆存钢结构时，应采取防滑措施。构件堆放场地应平整坚实并无水坑，地
面无结冰。同一型号构件叠放时，构件应保持水平，垫块应在同一垂直线上，并应防止构
件溜滑。
钢结构安装前除应按常温规定要求内容进行检查外，尚应根据负温条件下的要求对构
件质量进行详细复验。凡是在制作漏检和运输、堆放中造成的构件变形等，偏差大千规定
影响安装质量时，应在地面进行修理、矫正，符合设计和规范要求后方能起吊安装。
在负温下绑扎、起吊钢构件用的钢索与构件直接接触时，应加防滑隔垫。凡是与构件
同时起吊的节点板、安装人员用的挂梯、校正用的卡具，应采用绳索绑扎牢固。直接使用
吊环、吊耳起吊构件时应检查吊环、吊耳连接焊缝有尤损伤。
在负温下安装构件时，应根据气温条件编制钢构件安装顺序图表，施工中应按照规定
的顺序进行安装。平面上应从建筑物的中心逐步向四周扩展安装，立面上宜从下部逐件往
上安装。
钢结构安装的焊接工作应编制焊接工艺。在各节柱的一层构件安装、校正、栓接并预
留焊缝收缩量后，平面上应从结构中心开始向四周对称扩展焊接，不得从结构外圈向中心
焊接，一个构件的两端不得同时进行焊接。
构件上有积雪、结冰、结露时，安装前应清除干净，但不得损伤涂层。
在负温下安装钢结构用的专用机具应按负温要求进行检验。
在负温下安装柱子、主梁、支撑等大构件时应立即进行校正，位置校正正确后应立即
进行永久固定。当天安装的构件，应形成空间稳定体系。
高强度螺栓接头安装时，构件的摩擦面应干净，不得有积雪、结冰，且不得雨淋、接
触泥土、油污等脏物。
多层钢结构安装时，应限制楼面上堆放的荷载。施工活荷载、积雪、结冰的质量不得
超过钢梁和楼板（压型钢板）的承载能力。

--- PDF页1703 ---
10. 1 
冬期施工措施与要求
353 
拴钉焊接前，应根据负温值的大小，对焊接电流、焊接时间等参数进行测定。
在负温下钢结构安装的质量除应符合现行国家标准《钢结构工程施丁质械验收标准》
GB 50205 规定外，尚应按设计的要求进行检查验收。
钢结构在低温安装过程中，需要进行临时固定或连接时，宜采用螺栓连接形式；当需
要现场临时焊接时，应在安装完毕后及时清理临时焊缝。
10. 1. 7. 5 
钢结构负温焊接
在负温度下露天焊接钢结构时，应考虑雨、雪和风的影响，当焊接场地环境温度低于
— l0°C 时，应考虑焊接区域的保温措施，当焊接场地环境温度低于— 30°C 时，宜搭设临时
防护棚。防止雨水、雪花飘落在尚未冷却的焊缝上。
焊接施工时，同一条焊缝内，不同焊层宜选用不同直径的焊条。如：打底和盖面焊采
用较细焊条，中部叠层焊采用较粗的焊条，提高焊接质量。
冬期负温焊接时，须焊前预热、焊后缓冷。预热可采用火焰加热或电加热法。预热温
度应不低于20°c 规定预热温度的较高值。预热范围应在焊缝四周大于等千100mm 区
域内。
钢结构冬期施工时，尽量缩小制作单元块体，防止个别杆件因焊口应力集中产生裂缝。
通过试验和计算，确定杆件焊接收缩最，总拼时应从中间向两边或四周发展。单元块体焊接
时，一般先焊下弦，使下弦收缩向上拱起，然后焊腹杆及上弦，减少或消除约束应力。
厚钢板组成的钢构件在负温度下焊接完成后，立即进行后热处理，既可消除焊接产生
的残余应力，又可防止发生氢脆事故。在焊缝两侧板厚的2~3 倍范围内，加热温度150~
300°C, 保持1~2h 。后热处理完后，要采取石棉布、石棉灰等保温措施，使焊缝缓慢冷
却，冷却速度不应大于l0°C /min 。
栓钉焊接前，应根据负温度值的大小，对焊接电流、焊接时间等参数进行测定，保证
栓钉在负温度下的焊接质量。栓钉施焊环境温度低于0°C 时，打弯试验的数量应增加1%;
当栓钉采用手工电弧焊和其他保护电弧焊接时，其预热温度应符合相应工艺的要求。
钢结构的焊接加固时，必须由有对应类别合格的焊工施焊。施焊镇静钢板的厚度不大
千30mm 时，环境空气温度不应低于— 15°C,
当厚度超过30mm 时，温度不应低于0°C;
当施焊沸腾钢板时，环境空气温度应高于5°C 。
焊接预热温度应符合下列规定：
(1) 焊接作业区环境温度低千0°C 时，应将构件焊接区各方向大千或等千2 倍钢板厚
度且不小于100mm 范围内的母材，加热到20°C 以上时方可施焊，且在焊接过程中均不得
低于20°C;
(2) 负温焊接中厚钢板、厚钢板、厚钢管的预热温度可由试验确定，当无试验资料时
可按表10-27 选用。
负温焊接中厚钢板、厚钢板、厚钢管的预热温度
表10-27
钢材种类
钢材厚度
(mm)
工作地点温度
C°C)
预热温度
C°C)
<30 
<— 30 
36 
30~50 
—30~ —10 
36 
普通碳素钢构件
50~70 
—10~0 
36 
>70 
<O 
100 

--- PDF页1704 ---
354 
10 
季节性施工
续表
钢材种类
钢材厚度
(mm)
工作地点温度
C°C)
预热温度
C°C)
<16 
<~30 
36 
16~30 
—30~—20 
36 
普通碳素钢管构件
30~40 
—20~—10 
36 
40~50 
-10~0 
36 
>50 
<O 
100 
<lo 
<-26 
36 
10~16 
—26~ —10 
36 
低合金钢构件
16~24 
—10~—5 
36 
24~40 
-5~0 
36 
>40 
<O 
100~ 150 
在负温度下构件组装定刮后进行焊接应符合焊接工艺规定。单条焊缝的两端应设置引
弧板和熄弧板，引弧板和熄弧板的材料应和母材相一致。严禁在焊接的母材上引弧。
负温度下厚度大于9mm 的钢板应分多层焊接，焊缝应由下往上逐层堆焊。每条焊缝
应一次焊完，不得中断。当发生焊接中断，再次施焊时应先清除焊接缺陷，合格后方可按
焊接工艺规定再继续施焊，且再次预热温度应高于初期预热温度。
在负温度下露天焊接钢结构时，应考虑雨、雪和风的影响。当焊接场地环境温度低于
— l0°C 时，应在焊接区域采取相应保温措施；当焊接场地环境温度低于— 30°C 时，宜搭设
临时防护棚。严禁雨水、雪花飘落在尚未冷却的焊缝上。
当焊接场地环境温度低于— 15°C 时，应适当提高焊机的电流强度。每降低3°C, 焊接
电流应提高2% 。
采用低氢型焊条进行焊接时，焊接后焊缝宜进行焊后消氢处理，消氢处理的加热温度
应为200~250°C, 保温时间应根据工件的板厚确定，且每25mm 板厚不小于0. 5h, 总保
温时间不得小于lh, 达到保温时间后应缓慢冷却至常温。
在负温度下厚钢板焊接完成后，在焊缝两侧板厚的2~3 倍范围内，应立即进行焊后
热处理，加热温度宜为150~300°C, 并宜保持1~2h 。焊缝焊完或焊后热处理完毕后，应
采取保温措施，使焊缝缓慢冷却，冷却速度不应大于l0°C/min 。
焊缝外观检查应全部合格，等强接头和要求焊透的焊缝应100%超声波检查，其余焊
缝可按30%~50% 超声波抽样检查。如设计有要求时，应按设计要求的数最进行检查。
负温下超声波探伤仪用的探头与钢材接触面间应采用不冻结的油基耦合剂。
不合格的焊缝应铲除重焊，并仍应按在负温度下钢结构焊接工艺的规定进行施焊，焊
后应采用同样的检验标准进行检验。
10. 1. 7. 6 
钢结构防腐
在负温度条件下，钢结构禁止使用水基涂料，且涂料应符合负温条件下涂刷的性能要求。
在低千0°C 的钢构件上涂刷防腐或防火涂层前，应进行涂刷工艺试验。涂刷时必须将
构件表面的铁锈、油污、边沿孔洞的飞边毛刺等清除干净，并保持构件表面干燥。
负温度下涂刷，为了加快涂层干燥速度，可用热风、红外线照射干燥。干燥温度和时

--- PDF页1705 ---
10. 1 
冬期施工措施与要求
355 
间由试验确定。
钢结构制作前，应对构件隐蔽部位、夹层、成型后难以操作的复杂节点提前除锈、涂刷。
室内防腐涂装作业时，应有通风措施。露天作业时，雨、雪、大风天气或构件上有薄
冰时不得进行涂刷工作。
构件涂装后需要运输时，应防止磕碰，防止地面拖拉，防止涂层损坏。
油漆工施工作业应有特殊［种作业操作证。
环境温度低千-l0°C 以下，应停止涂刷作业。
10. 1. 8 
钢－混凝土组合结构工程冬期施工措施与要求
钢－混凝土组合结构的混疑土性能应根据设计要求和所选择的浇筑方式进行试配确定，
钢－混凝土组合结构中混凝土施工及养护应参照现行国家标准《混凝土结构工程施工规范》
GB 50666 、《混疑土结构工程施工质歙验收规范》GB 50204 中相关规定。
10. 1. 8. 1 
一般规定
钢骨混凝土工程施工前，施工单位应编制专项施工方案，并经监理（建设）单位确
认。当冬期施I 时，应制定季节性施工技术措施。
钢－混凝土组合结构的混凝土冬期施工一般规定：
(1) 冬期混凝土浇筑，需满足其受冻临界强度的规定；
(2) 掺用防冻剂的混凝土，当室外最低气温不低千— 15°C 时，其受冻临界强度不得小
于4. ON/mm2; 当室外最低气温不低于-30°C 时，其受冻临界强度不得小千5. ON/mm气
(3) 混凝土冬期施工应进行混凝土热工计箕；
(4) 模板外和混凝土表面覆盖的保温层，不应采用潮湿状态的材料，也不应将保温材
料直接覆盖在潮湿的混凝土表面，新浇混凝土表面应铺一层朔料薄膜；
(5) 整体结构如为加热养护时，浇筑程序和施工缝位置设置应采取能防止加大温度应
力的措施。当加热温度超过45°C 时，应进行温度应力核算。
钢棍凝土组合结构的钢结构冬期施工一般规定：
(1) 在负温度下进行钢结构的制作和安装时，应按照负温度施工的要求，编制钢结构
制作工艺规程和安装施工组织设计。
(2) 钢结构制作和安装使用的钢尺、最具，应和土建施工单位使用的测最工具相一
致，采用同一精度级别进行鉴定。并制定钢结构和土建结构的不同验收标准，不同温度膨
胀系数差值的调整措施。
(3) 冬期负温度下安装钢结构时，要注意温度变化引起的钢结构外形尺寸的偏差。
(4) 在负温度下施工使用的钢材，应具有负温冲击韧性保证值，宜采用平炉或氧气转
炉Q235 钢、
16Mu 、
15MnV 、
16Muq 和15Muq 钢。
Q235 钢应具有一20°C 的冲击韧性合
格保证，
16Mu 、
15MnV 、
16Muq 和15Muq 钢应具有— 40°C 的冲击韧性合格保证。
(5) 负温度下焊接接头的板厚大于40mm 时，节点的约束力较大，在板厚方向承受
拉力作用时，要求钢板有板厚方向伸长率的保证，以防出现层状撕裂。
(6) 负温度下钢结构焊接用的焊条、焊丝，在满足设计强度要求的前提下，应选用屈
服强度较低、冲击韧性较好的低氢性焊条，重要结构可采用高韧性超低型焊条。但选用
时，必须满足设计强度要求。

--- PDF页1706 ---
356 
10 
季节性施工
(7) 焊条的烘焙应按产品说明书规定要求进行，对千负温度下施工的重要结构，所使
用的焊条其含氢最有特殊要求时，应在400°C 条件下进行烘焙1~2h, 烘焙合格后，在
so~100°C 的低温烘箱内保存，使用时取出放在保温筒内，随用随取，负温度下焊条外露
超过2h 时，应重新烘焙。焊条的烘焙次数不宜超过3 次。
(8) 焊剂的含水鼠不得大于0.1%, 在使用前必须按照质最证明书的规定进行烘焙。
在负温度下露天进行焊接丁作时，焊剂重复使用的时间间隔不得超过2h,
当超过时，必
须重新进行烘焙。
(9) 二氧化碳气体保护焊，其二氧化碳气体纯度不宜低于99. 5% (体积比），含水率
不得超过0. 005% (重量比）。使用瓶装气体时，瓶内压力低千lN/m而时，应停止使用。
在负温度下使用时，应检查瓶嘴有无冰冻堵塞现象。
(10) 钢结构中使用的螺栓，应有产品合格证。冬期施工时，高强度螺栓应在负温度
下进行扭矩系数、轴力的复验工作，符合要求后方能使用。
(11) 在负温度下钢结构基础描栓施工应保护好螺纹端，不宜进行现场对焊。
(12) 负温度下进行钢－混凝土组合结构的组合梁和组合柱施工时，浇筑混凝土前应采
取措施对钢结构部分进行加温至5°C 。
钢骨混凝土浇筑前应完成钢结构焊接、螺栓和栓钉的检测和验收。
10. 1. 8. 2 
钢－混凝土组合结构的材料要求
1. 钢骨材料要求
(1) 钢材必须符合设计要求，进场后应及时按照国家现行相关规范规定对钢材的品
种、规格、外观质量等进行检查验收，同时按照国家现行规范规定，对需要进行复试的钢
材进行见证取样复试，复试结果应符合现行国家产品标准和设计要求。
(2) 钢材霹天堆放时，堆放场地要平整，且高于周围地面，四周设置排水沟。堆放时
尽量使钢材截面的背面朝上或朝外，顶部覆盖防雨防雪材料。
2. 混凝土材料要求
(1) 钢混凝土组合结构的混凝土性能应根据设计要求和所选择的浇筑方法进行试配
确定。
(2) 钢骨混凝土的配合比设计考虑为了避免混凝土与钢骨产生剥离现象，钢骨混凝土
内掺适蜇减水剂、微膨胀剂及防冻剂等，掺鼠通过现场试验确定。
(3) 钢混凝土组合结构的混凝土粗骨料最大粒径不宜大于型钢外侧混凝土厚度的1/3,
且不宜大于25mm。对不易保证混凝土浇筑质量的节点和部位，应采用自密实混凝土。
(4) 泵送混凝士塌落度宜控制在160~200mm, 其扩展度大于或等于500mm, 水胶
比宜控制在0.40~0.45, 且应避免混凝土拌合物泌水、离析。
10. 1. 8. 3 
钢－混凝土组合结构冬期施工要点
钢混疑土组合结构中的钢构件钢骨焊接、连接安装，具体实施按照本手册10. 1. 8 
钢混凝上组合结构工程冬期施工措施与要求施工。
钢－混凝土组合结构中的混凝士施工及养护，具体实施按照本手册10. 1. 5 装配式混凝
土结构工程冬期施工措施与要求施工。
钢混疑土组合结构，浇筑混凝土前应对型钢进行预热，预热温度宜大于混凝土的入
模温度，预热方法采用电加热法相关规定进行。

--- PDF页1707 ---
10. 1 
冬期施工措施与要求
357 
钢骨混凝土柱施工采用埋入式柱脚施工，柱脚灌浆施工在负温度下施工时，灌浆环境
温度不宜低于— 5°C, 灌浆完毕后30min 内，应立即喷洒养护剂或覆盖塑料薄膜进行养
护，养护时间不少于7d 。
型钢防腐、防火涂装前需进行除锈，除锈施工现场环境湿度高千80%, 或钢管表面
温度低千空气温度3°C 时，禁止除锈施工。
10. 1. 9 
建筑装饰装修工程冬期施工措施与要求
冬期室内装饰施工可采用建筑物正式热源、临时性管道或火炉、电气取暖。若采用火
炉取暖时，应预防煤气中毒，防止烟气污染，并应在火炉上方吊挂铁板，使煤火热度分
散。室外装饰工程施工前，宜根据外架子搭设，在西、北面应采取挡风措施。
室外建筑装饰装修工程施工不得在五级及以上大风或雨、雪天气下进行。施工前，应
采取挡风措施。
外墙饰面板、饰面砖以及陶瓷锦砖（马赛克）饰面工程采用湿贴法作业时，不宜进行
冬期施工。
外墙抹灰后需进行涂料施工时，抹灰砂浆内所掺的防冻剂品种应与所选用的涂料材质
相匹配，具有良好的相溶性，防冻剂掺最和使用效果应通过试验确定。
装饰装修施工前，应将墙体基层表面的冰、雪、霜等清理干净。
室内抹灰前，应提前做好屋面防水层、保温层及室内封闭保温。
室内装饰施工可采用建筑物正式热源、临时性管道或火炉、电气取暖。若采用火炉取
暖时，应采取预防煤气中毒的措施。
室内抹灰、块料装饰工程施工与养护期间的温度不应低千5°C 。
冬期抹灰及粘贴面砖所用砂浆应采取保温、防冻措施。室外用砂浆内可掺入防冻剂，
其掺扯应根据施工及养护期间环境温度经试验确定。
室内粘贴壁纸时，其环境温度不宜低于5°C 。
10. 1. 9. 1 
抹灰
室内抹灰的环境温度不应低于5°C 。抹灰前，应将门口和窗口、外墙脚手眼或孔洞等
封堵好，施工洞口、运料口及楼梯间等处应采取封闭保温措施。
砂浆应在搅拌棚内集中搅拌，并应随用随拌，运输过程中应进行保温。
室内抹灰工程结束后，在7d 以内应保持室内温度不低于5°C 。当采用热空气加温时，
应注意通风，排除湿气。当抹灰砂浆中掺入防冻剂时，温度可相应降低。
室外抹灰采用冷作法施工时，可使用掺防冻剂水泥砂浆或水泥混合砂浆。
含氯盐的防冻剂不宜用于有高压电源部位和有油漆墙面的水泥砂浆基层内。
砂浆防冻剂的掺最应按使用温度与产品说明书的规定经试验确定。当采用氯化钠作为
砂浆防冻剂时，其掺量可按表10-28 选用。当采用亚硝酸钠作为砂浆防冻剂时，其掺量可
按表10-29 选用。
砂浆内氯化钠掺量
表10-28
室外气温
CC)
氯化钠掺量（占拌合水质量
1 挑檐、阳台、雨罩、墙面等抹灰水泥砂浆
百分比，％）
墙面为水刷石，干粘石水泥砂浆
气
5 
— 5~~10 
4~8 
5~10 

--- PDF页1708 ---
858 
10 
季节性施工
砂浆内亚硝酸钠掺量
表10-29
室外温度
('C)
亚硝酸钠掺量（占水泥质量
百分比，％）
O~ — 3 
— 4~ — 9 
~10~—15 
-16~-20 
3 
5 
8 
当抹灰基层表面有冰、霜、雪时，可采用与抹灰砂浆同浓度的防冻剂溶液冲刷，并应
清除表面的尘土。
当施工要求分层抹灰时，底层灰不得受冻。抹灰砂浆在硬化初期应采取防止受冻的保
温措施。
抹灰工程冬期施工时，房屋内部和室外大面积抹灰采用热作法，室外抹灰采用冷作
法，气温低千-2°C 时宜暂停施工。
(1) 热作法
1) 采用热作法施工时，应设专人进行测温，距地面500mm 以上处，环境温度应大
千等千5°C' 并且需要保持抹灰层基本干燥。
2) 热作法施工的具体操作方法与常温施工基本相同，但应注意以下几点：
心在进行室内抹灰前，应将门口和窗口，外墙脚手眼或孔洞等封堵好，施工洞口、
运料孔及楼梯间等处封闭保温。在进行室外施工前，应尽晕利用外架子搭设暖棚；
＠需要抹灰的砌体，应提前加热，使墙面保持在5°C 以上，湿润墙面时不会结冰，砂
浆和墙面可以牢固粘结；
＠用临时热源加热时，应当随时检查抹灰层的温度，如干燥过快发生裂纹时，应当
进行洒水湿润，使其与各层能很好地粘结，防止脱落；
＠用热作法施工的室内抹灰工程，应在每个房间设置通风口或适当开放窗户，进行
定期通风，排除温空气；
＠用火炉加热时，必须装设烟囡，严防煤气中毒；
＠抹灰工程所用的砂浆，在正温度的室内或临时暖棚中制作。砂浆使用时的温度在
5°C 以上。为了获得砂浆应有温度，可采用热水搅拌。
(2) 冷作法
1) 施工用的砂浆配合比和化学附加剂的掺入量，应按使用温度和产品说明书的规定
经试验确定。
2) 采用氯化钠的化学附加剂时，应由专人配制成溶液，提前两天用冷水配制1 : 3 
（重量比）的浓溶液，使用时再加清水配制成若干种符合要求比直的溶液。其掺最可参考
表10-30 。氯盐防冻剂禁用千高压电源部位和油漆墙面的水泥砂浆基层。
砂浆中氯化钠掺量（占用水量的百分比）
表10-30
项目
室外气温
CC)
0~-5 
挑檐、阳台、雨罩、墙面等抹水泥砂浆
墙面为水刷石、干粘石水泥砂浆
4 
5 
-- 
—5~10 
4~8 
5~10 
3) 砂浆中掺入亚硝酸钠作防冻剂时，其掺最可参考表10-31 。

--- PDF页1709 ---
10. 1 
冬期施工措施与要求
359 
砂浆中亚硝酸钠掺量（占用水量的百分比）
表10-31
室外气温
C°C)
掺屈(%)
0~ —3 
—4~ —9 
3 
—10~-15 
—16~-20 
5 
8 
4) 冷做法施工所用的砂浆须在暖棚中制作。砂浆要求随拌随用，冻结后的砂浆应待
融化后再搅拌均匀方可使用，砂浆使用时的温度应控制在5°C 以上。
5) 防冻剂的配制和使用须由专业人员进行，配置时要先制成20% 浓度的标准溶液，
然后根据气温再配制成使用浓度溶液。
6)
防冻剂的掺入量是根据砂浆的总含水量计算的，其中包括石灰音和砂子的含水量。
石灰脊中的含水率可按表10-32 计算。
石灰膏的含水率
表10-32
石：勹勹厂／厂m)
I ~: I :: I :: I 盓I :~ I :: I :: I :: 
llO I 120 I 130 
52 I 54 I 
56 
砂子的含水扯可以通过试验确定。
7) 采用氯盐作为防冻剂时，砂浆内埋设的铁件均需涂刷防锈漆。
8) 抹灰基层表面如有冰、霜、雪时，可用与抹灰砂浆同浓度的防冻剂热水溶液冲刷，
将表面杂物清除干净后再行抹灰。
9)
当施工要求分层抹灰时，底层灰不得受冻。抹灰砂浆在硬化初期应采取防止受冻
的保温措施。
10. 1. 9. 2 
饰面砖（板）
外墙面的饰面板、饰面砖及陶瓷锦砖施工，在严寒季节不宜进行，当需要进行施工
时，需要采用暖棚法进行。施工温度应符合以下要求：
(1) 建筑块材地面工程施工时，对千采用掺有水泥、石灰的拌和料铺设以及用石油沥
青胶结料铺贴时，各层环境温度不应低千s·c 。采用有机胶结剂粘贴时，不应低千1o·c 。
采用砂、石材料铺设时，不应低千o·c 。
(2) 细木板、多层板，木质材料应离开热源0. 8m, 避免过热开裂、变形。
(3) 室内贴壁纸时，室内温度不得低于s·c 。
石材干挂施工前，在结构施工阶段可依据块材大小采用螺栓固定的干作业法预埋一定
数最的描固件，描固螺栓应采取防水、防锈措施。
如果结构施工时没留预埋件，可根据工程实际情况，采用”后描固技术”（将钢筋或
螺栓及其他杆件体牢固地描植于混凝土、岩石等基材中的施工技术）设置描固件，并在描
固件上焊接干挂石材骨架。具体要求如下：
(1) 冬期施工外墙干挂石材植筋（化学描栓）技术的一般适宜环境温度是日最低气温
— s·c 以上。当日最低气温低千-s·c 时，应采取相应措施升温；若经试验证明所用植筋胶
可在-s·c 以下施工，可按实验规定条件进行而不采取升温措施。植筋的环境温度应按产
品说明规定执行，并严格遵守植筋胶的固化及安装时间（表10-33) , 待胶体完全固化后
方可承载，固化期间严禁扰动，以防描固失效。植筋后注意保温，防止受冻从而影响
性能。

--- PDF页1710 ---
360 
10 
季节性施工
植筋胶的固化及安装时间
表10-33
基材温度
安装时间
固化时间
—5'C 
25min 
6h 
o·c 
18min 
3h 
5'C 
13mm 
1. 5h 
(2) 植筋时要明确基材状况确保其符合下列要求：
1) 被描固的钢筋或螺栓各项性能指标应达到设计要求。
2) 混凝土体坚固、密实、平整、不应有起砂、起壳、蜂窝、麻面、油污等影响描固
承载力的疵病。
3) 根据设计要求的植筋直径，确定钻孔孔径与深度，一般孔径大于植筋直径4mm,
孔深度不小于钢筋描固长度；植筋的铀固长度为lOd~15d 。植筋间距应符合结构设计
要求。
钻孔时应避开钢筋，尤其是预应力筋和非预应力受力钢筋。保证钻机、钻头与基材表
面垂直，保证孔径与孔距尺寸准确，垂直孔或水平孔的偏差应小于20 。如果钻机突然停
止或钻头不前进时，应马上停止钻孔，检查是否碰到内部钢筋。对千失败孔，应填满化学
粘结剂或用一个高强度等级的水泥砂浆灌注，另选新孔，重新操作。
4) 根据工程施工时的环境温度选择干挂结构胶，一般在0°C 以上的环境下施工。施
工温度低千0°C 时，可在粘胶部位加热，温度不超过65°C, 或使用低温型石材干挂胶。
5) 植筋胶应存放千阴凉、干燥的地方，避免受阳光直接照射，长期（保质期内）存
放温度为5~25°C 。如果存放时间超过产品规定的保质期，则不得继续使用。
6) 干挂石材嵌缝应使用中性硅酮耐候密封胶，同一干挂石材墙面工程应采用具有证
明无污染试验报告的同一品牌的中性硅酮耐候密封胶，在有效期内使用。使用时应设法将
室内温度提高至5°C 以上。
7) 在描固件上焊接龙骨时，焊接融合点距描固件根部不宜小千50mm,
或按厂家说
明书操作，并符合设计要求，以免影响胶体，使描固件承载力下降。
8) 钢筋插入孔内的部分要保持清洁、干燥、无锈蚀，如果孔壁潮湿，应用热风吹干。
9) 冬期施工中钻孔、清孔、注胶、插钢筋等工序的操作要求与常温操作相同。
10. 1. 9. 3 
涂饰、刷浆、袚糊
涂饰、刷浆、袚糊工程应在供暖条件下进行施工。当需要在室外施工时，其最低环境
温度不应低于5°C 。
刷调合漆时，应在其内加入调合漆质量2. 5% 的催f剂和5.0% 的松香水，施工时应
排除烟气和潮气，防止失光和发黏不干。
室外喷、涂、刷油漆和高级涂料时应保持施主均衡。粉浆类料浆宜采用热水配制，随
用随配并应将料浆保温，料浆使用温度宜保持在15°C 左右。
袚糊工程施工时，混凝土或抹灰基层含水率不应大于8% 。施工中当室内温度高千
20°C, 且相对湿度大于80%, 应开窗换气，防止壁纸皱折起泡。
1. 油漆工程
(1) 冬期油漆工程的施工应在供暖条件下进行，宜选择晴天干燥尤风的环境。木料制

--- PDF页1711 ---
10. 1 
冬期施工措施与要求
361 
品含水率不得大千12%, 油漆需要添加催干剂，禁止热风吹油漆面，以防止产生凝结水，
基层应干燥，湿度应小于等于5%,
不得有冰霜。
(2) 油漆应搅拌均匀，加盖，调配好当天的使用量，因为油漆在低温下容易稠化，所
以使用前应放在热水器中用水间接加热，不得直接放在火炉、电炉上加热，以防着火。
(3) 配制腻子时要用热水，可在加入的水中掺加1/4 的酒精，按照产品说明书要求的
温度进行控制，— 3°C 时腻子会结冰。
(4) 油漆工程冬期施工时，气温不能有剧烈的变化，施工完毕后至少保养两昼夜以
上，直至油膜和涂层干透为止。
(5) 如果受冻木材的湿度不大于15% 时，则应先涂干性油并满刮腻子。
(6) 冬期安装木门窗框后，及时刷底油，防止因北方冬期室内比较干燥，门窗框出现
变形。
(7) 刷油质涂料时，环境温度不宜低于5°C,
刷水质涂料时不宜低于3°C, 并结合产
品说明书所规定的温度进行控制，— l0°C 时各种油漆均不得施工。
(8) 涂料涂饰施工时，应注意通风换气和防尘。
2. 水溶性涂料
(1) 水溶性涂料涂饰施工时，应注意通风换气和防尘。
(2) 冬期施工时墙面要求保持干燥，涂刷时先刷一遍底漆，待底漆干透后，再涂刷施
工。涂料施工时严禁加水，若涂料太稠，可加入稀释剂调释。
(3) 水溶性涂料在使用前应搅拌均匀，并应在产品说明书规定时间内用完，若超过规
定时间不得使用。
3. 溶剂荆涂料
(1) 冬期室内施工时，现浇混凝土墙面龄期不少千一个月，水泥砂浆抹面龄期不少于
7d, 涂刷溶剂型涂料时基层含水率小于等于8% 。
(2) 施工基面要求平整，没有蜂窝庥面，清扫干净，不能有严重灰尘或油污现象，处
理干净后再涂刷。混凝土或抹灰基层在涂刷涂料前，应随刷抗碱封闭漆，以免墙面泛碱。
若泛碱时，需用5%~10% 的磷酸溶液处理，待酸性泛后lh, 用清水冲洗墙面，干燥后再
进行施工。
(3) 涂料太稠时，可用稀释剂调释。
10.1. 9. 4 
幕墙及玻璃
玻璃工程施工时，应将玻璃、镶嵌用合成橡胶等材料运到有供暖设备的室内，施工环
境温度不宜低于5°C 。
外墙铝合金、塑料框、大扇玻璃不宜在冬期安装。
幕墙建筑密封胶、结构胶的选用应根据施工环境温度和产品使用温度条件确定，其技
术性能应符合国家现行相关标准规定，化学植筋应根据结构胶产品使用温度规定进行，且
不宜低于— 5°C 。
幕墙构件正温制作负温安装时，应根据环境温度的差异考虑构件收缩量，并在施工中
采取调整偏差的技术措施。
负温下使用的挂件连接件及有关连接材料须附有质最证明书，性能符合设计和产品标
准的要求。

--- PDF页1712 ---
362 
10 
季节性施工
负温下使用的焊条外露不得超过2h, 超过2h 应重新烘焙，焊条烘焙次数不超过
3 次。
焊剂在使用前按规定进行烘烤，使其含水扯不超过0.1% 。
负温下使用的高强度螺栓须有产品合格证，并在负温下进行扭矩系数、轴力的复验
工作。
环境温度低于0°C 时，在涂刷防腐涂料前进行涂刷工艺试验，涂刷时必须将构件表面
的铁锈、油污、毛刺等物清理干净，并保持表面干燥。雪天或构件上有薄冰时不得进行涂
刷工作。
冬期运输、堆放幕墙结构时采取防滑措施，构件堆放场地平整坚实无水坑，地面无结
冰。同一型号构件叠放时，构件应保持水平，垫铁放在同一垂直线上，并防止构件溜滑。
冬期施工从寒冷处运到温暖处的玻璃和镶嵌用的合成橡胶等型材，应待其缓暖后方可
进行裁割和安装。
预装门窗玻璃安装、中空玻璃组装施工，宜在保暖、洁净的房间内进行。外墙铝合
金、朔钢框、大扇玻璃不宜在冬期安装，如必须在冬期安装，应使用易低温施工的硅酮密
封胶，其施工环境最低气温不宜低于— 5°C' 施工时宜在中午气温较高时进行，并根据产
品使用说明书要求操作。
10. 1. 10 
屋面工程冬期施工措施与要求
屋面各层在施工前，均应将基层上面的冰、水、积飞和杂物等清扫干净，所用材料不
得含有冰雪冻块。同时，应合理安排隔气层、保温层、找平层、防水层的各项丁序，连续
操作，已完成部位应及时覆盖，防止受潮与受冻。穿过屋面防水层的管道、设备或预埋
件，应在防水施工前安装完毕并做好防水处理。
10. 1. 10. 1 
一般规定
保温工程、屋面防水工程冬期施工应选择晴朗天气进行，不得在雨、雪天和五级风及
其以上或基层潮湿、结冰、霜冻条件下进行。
保温及屋面工程应依据材料性能确定施I环境气温界限，最低施工环境气温宜符合表
10-34 的规定。
保温及屋面工程施工环境气温要求
表10-34
防水与保温材料
施丁环境气温
粘结保温板
有机胶粘剂不低于— l0°C'
尤机胶粘剂不低于5°C
现喷硬泡聚氨酣
15~30°C 
高聚物改性沥青防水卷材
热熔性不低于— lO'C
合成高分子防水卷材
冷粘法不低于5'C,
焊接法不低于— lO'C
高聚物改性沥青防水涂料
溶剂型不低千5°C,
热熔型不低于— l0°C
合成高分子防水涂料
溶剂型不低于— s'C
防水混疑土、防水砂浆
符合混凝土、砂浆相关规定
改性石油沥青密封材料
不低于0°C
合成高分子密封材料
溶剂型不低于o'C

--- PDF页1713 ---
10. 1 
冬期施工措施与要求
363 
保温与防水材料进场后，应存放千通风、干燥的暖棚内，并严禁接近火源和热源。棚
内温度不宜低于0°C 。
屋面防水施工时，应先做好排水比较集中的部位，凡节点部位均应加铺一层附加层。
施工时应合理安排隔气层、保温层、找平层、防水层的各项工序，连续操作，已完成
部位应及时覆盖，防止受潮与受冻。穿过屋面防水层的管道、设备或预埋件，应在防水施
工前安装完毕并做好防水处理。
10. 1. 10. 2 
屋面保温层施工
屋面保温材料应符合设计要求，且不得含有冰雪、冻块和杂质。
干铺的保温层可在负温下施工；采用沥青胶结的保温层应在气温不低于— l0°C 时施
工；采用水泥、石灰或其他胶结料胶结的保温层应在气温不低于5°C 时施工。当气温低于
上述要求时，应采取保温、防冻措施。
采用水泥砂浆粘贴板状保温材料以及处理板间缝隙，可采用掺有防冻剂的保温砂浆。
防冻剂掺量应通过试验确定。
干铺的板状保温材料在负温施工时，板材应在基层表面铺平垫稳，分层铺设。板块上
下层缝应相互错开，缝间隙应采用同类材料的碎屑填嵌密实。
倒置式屋面所选用材料应符合设计相关规定，施工前应检查防水层平整度及有无结
冰、霜冻或积水现象，满足要求后方可施工。
10. 1. 10. 3 
找平层施工
屋面找平层施工应符合下列规定：
(1) 找平层应牢固坚实、表面无凹凸、起砂、起鼓现象。如有积雪、残留冰霜、杂物
等应清扫干净，并应保持干燥。
(2) 找平层与女儿墙、立墙、天窗壁、变形缝、烟肉等突出屋面结构的连接处，以及
找平层的转角处、水落口、檐口、天沟、檐沟、屋脊等均应做成圆弧。采用沥青防水卷材
的圆弧，半径宜为100~l50mm;
采用高聚物改性沥青防水卷材，圆弧半径宜为50mm;
采用合成高分子防水卷材，圆弧半径宜为20mm 。
采用水泥砂浆或细石混凝土找平层时，应符合下列规定：
(1) 应依据气温和养护温度要求掺入防冻剂，且掺晕应通过试验确定。
(2) 采用氯化钠作为防冻剂时，宜选用普通硅酸盐水泥或矿渣硅酸盐水泥。不得使用
高铝水泥。施工温度不应低于— 7°C 。氯化钠掺最可按表10-35 采用。
氯化钠掺量
表10-35
施工时室外气温
CC)
o~ — 2 
-3~ — 5 
— 6~ — 7 
氯化钠掺量（占水泥质量
用千平面部位
2 
4 
6 
百分比，％）
用于梢口、天沟等部位
3 
5 
7 
沥青砂浆找平层施工应符合下列规定：
(1) 采用沥青砂浆作为找平层时，基层应干燥、平整，不得有冰层或积雪。基层应先
满涂冷底子油1~2 道，待干燥后方可做找平层。
(2) 沥青砂浆施工时，应采取分段流水作业，并应采取保温措施。沥青砂浆的施工温
度应符合表10-36 规定。

--- PDF页1714 ---
364 
10 
季节性施工
施工时室外气温
5°C 以上
5~ — 10·c 
沥青砂浆施工温度
CC)
搅拌温度
铺设温度
140~170 
90~120 
160~180 
110~130 
表10-36
滚压完毕温度
60 
40 
(3) 铺设沥青砂浆时，按所放的坡度线采取分段流水作业和保温措施，铺抹厚度不应
小千15mm (天沟、屋面突出物的根部50mm 范围内不小于25mm), 虚铺砂浆的厚度应
为实际厚度的
1. 3~1. 4 倍。
水泥砂浆预制板找平层施工时，预制板块儿何尺寸可选用500mmX 500mmX 25mm, 
并在正温度下制作达到设计强度。表面干燥后需在暖棚内至少先涂上一道冷底子油。铺设
时，板下应采用厚度50mm 的干砂或炉渣找平，并用沥青或沥青砂浆灌缝，施工温度不
宜低千-l0°C 。
找平层宜留设分格缝，缝宽宜为20mm, 并应填充密封材料。当分格缝兼作排气屋面
的排气道时，可适当加宽，并应与保温层连通。找平层表面宜平整，平整度不应超过
5mm, 且不得有酥松、起砂、起皮现象。
10. 1. 10. 4 
屋面防水层施工
高聚物改性沥青防水卷材、合成高分子防水卷材、高聚物改性沥青防水涂料、合成高
分子防水涂料等防水材料的物理性能应符合现行国家标准《屋面工程质量验收规范》
GB
50207 的相关规定。
热熔法施工宜使用高聚物改性沥青防水卷材，并应符合下列规定：
(1) 基层处理剂宜使用挥发快的溶剂，涂刷后应干燥lOh 以上，并应及时铺贴。
CZ) 水落口、管根、烟肉等容易发生渗漏部位的周围200mm 范围内，应涂刷一遍聚
氨脂等溶剂型除料。
(3) 热熔铺贴防水层应采用满粘法。当坡度小于3% 时，卷材与屋脊应平行铺贴；坡
度大千15% 时，卷材与屋脊应垂直铺贴；坡度为3%~15% 时，可平行或垂直屋脊铺贴。
铺贴时应采用喷灯或热喷枪均匀加热基层和卷材，喷灯或热喷枪距卷材的距离宜为0. Sm, 
不得过热或烧穿，应待卷材表面熔化后，缓缓地滚铺铺贴。
(4) 卷材搭接应符合设计规定。当设计尤规定时，横向搭接宽度宜为120mm,
纵向
搭接宽度宜为100mm。搭接时应采用喷灯或热喷枪加热搭接部位。趁卷材熔化尚未冷却
时，用铁抹子把接缝边抹好，再用喷灯或热喷枪均匀细致地密封。平面与立面相连接的卷
材，应由上向下压缝铺贴，并应使卷材紧贴阴角，不得有空鼓现象。
(5) 卷材搭接缝的边缘以及未端收头部位应以密封材料嵌缝处理，必要时也可在经过
密封处理的末端接头处再用掺防冻剂的水泥砂浆压缝处理。
热熔法铺贴卷材施工安全应符合下列规定：
(1) 易燃性材料及辅助材料库和现场严禁烟火，并应配备适当灭火器材。
CZ) 溶剂型基层处理剂未充分挥发前不得使用喷灯或热喷枪操作。操作时应保持火焰
与卷材的喷距，严防火灾发生。
(3) 在大坡度屋面或挑檐等危险部位施工时，施工人员应系好安全带，四周应设防护
措施。

--- PDF页1715 ---
10. 1 
冬期施工措施与要求
365 
冷粘法施工宜采用合成高分子防水卷材。胶粘剂应采用密封桶包装，储存在通风良好
的室内，不得接近火源和热源。
冷粘法施工应符合下列规定：
(1) 基层处理时应将聚氨酣涂膜防水材料的甲料：乙料：二甲苯按1:1.5:3 的比例
配合，搅拌均匀，然后均匀涂布在基层表面上，干燥时间不应少于lOh 。
(2) 采用聚氨酣涂料做附加层处理，应将聚氨酷甲料和乙料按1 : 1. 5 的比例配合搅
拌均匀，再均匀涂在阴角、水落口和通气口根部的周围，涂刷边缘与中心的距离不应小于
200mm, 厚度不应小于
1. 5mm, 并应在固化36h 以上，方能进行下一工序施工。
(3) 铺贴立面或大坡面合成高分子防水卷材宜用满粘法。胶粘剂应均匀涂刷在基层或
卷材底面，并应根据其性能，控制涂刷与卷材铺贴的间隔时间。
(4) 铺贴的卷材应平整顺直粘结牢固，不得有皱折。搭接尺寸应准确，并应棍压排除
卷材下面的空气。
(5) 卷材铺好压粘后，应及时处理搭接部位，并应采用与卷材配套的接缝专用胶粘
剂，在搭接缝粘合面上涂刷均匀。根据专用胶粘剂的性能，应控制涂刷与粘合的间隔时
间，排除空气、棍压粘结牢固。
(6) 接缝口应采用密封材料封严，其宽度不应小于10mm 。
涂膜屋面防水施工应选用溶剂型合成高分子防水涂料。涂料进场后，应储存千干燥、
通风的室内，环境温度不宜低于0°C' 并应远离火源。
涂膜屋面防水施工应符合下列规定：
(1) 基层处理剂可选用有机溶剂稀释而成。使用时应充分搅拌，涂刷均匀，覆盖完
全，干燥后方可进行涂膜施工。
(2) 涂膜防水应由两层以上涂层组成，总厚度应达到设计要求，其成膜厚度不应小
于2mm 。
(3) 可采用涂刮或喷涂施工。当采用涂刮施工时，每遍涂刮的推进向方宜与前一遍互
相垂直，并应在前一遍涂料干燥后，进行后一遍涂料的施工。
(4) 使用双组分涂料时应按配合比正确计量，搅拌均匀，已配成的涂料及时使用。配
料时可加入适量的稀释剂，但不得混入固化涂料。
(5) 在涂层中夹铺胎体增强材料时，位千胎体下面的涂层厚度不应小于1mm,
最上
层的涂料层不应少千两遍。胎体长边搭接宽度不得小于50mm, 短边搭接宽度不得小千
70mm。采用双层胎体增强材料时，上下层不得互相垂直铺设，搭接缝应错开，间距不应
小于一个幅面宽度的1/3 。
(6) 天沟、檐沟，梢口、泛水等部位，均应加铺有胎体增强材料的附加层。水落口周
围与屋面交接处，应作密封处理，并应加铺两层有胎体增强材料的附加层，涂膜伸入水落
口的深度不得小千50mm, 涂膜防水层的收头应用密封材料封严。
(7) 涂膜屋面防水工程在涂膜层固化后应做保护层。保护层可采用分格水泥砂浆或细
石混凝土或块材等。
10.1. 10. 5 
隔气层施工
隔气层可采用气密性好的单层卷材或防水涂料。冬期施工采用卷材时，可采用花铺法
施工，卷材搭接宽度不应小于80mm 。采用防水涂料时，宜选用溶剂型涂料。隔气层施工

--- PDF页1716 ---
366 
10 
季节性施工
时气温不应低千-5°C 。
10. 1. 11 
外保温工程冬期施工措施与要求
外墙外保温工程冬期施工宜采用EPS 板薄抹灰外墙外保温系统、
EPS 板现浇混凝土
外墙外保温系统或EPS 钢丝网架板现浇混凝土外墙外保温系统。
建筑外墙外保温工程冬期施工最低温度不应低千-5°C 。
外墙外保温工程施工期间以及完工后24h 内，基层及环境空气温度不应低千5°C 。
进场的EPS 板胶粘剂、聚合物抹面胶浆应存放千暖棚内。液态材料不得受冻，粉状
材料不得受潮，其他材料应符合本章有关规定。
EPS 板薄抹灰外墙外保温系统应符合下列规定：
(1) 应采用低温型EPS 板胶粘剂和低温型聚合物抹面胶浆，并应按产品说明书要求
进行使用。
(2) 低温型EPS 板胶粘剂和低温型聚合物抹面胶浆的性能应符合表10-37 和表10-38
的规定。
低温型EPS 板胶粘剂技术指标
表10-37
试验项目
性能指标
原强度
彦60
拉伸粘结强度
CMPa)
C 与水泥砂浆）
耐水
彦0.40
原强度
?,O. 10, 破坏界面在EPS 板上
拉伸粘结强度
CMPa)
C 与EPS 板）
耐水
多0. 10, 破坏界面在EPS 板上
低温型EPS 板聚合物抹面胶浆技术指标
表10-38
试验项目
性能指标
原强度
诊0. 10, 破坏界面在EPS 板上
拉伸粘结强度
CMPa)
C 与EPS 板）
耐水
诊0. 10, 破坏界面在EPS 板上
耐冻融
~0.10, 破坏界面在EPS 板上
柔韧性
抗压强度／抗折强度
冬3.00
注：低温型胶粘剂与聚合物抹面胶浆检验方法与常温一致，试件养护温度取施丁环境温度。
(3) 胶粘剂和聚合物抹面胶浆拌合温度皆应高于5°C, 聚合物抹面胶浆拌合水温度不
宜大于80°C' 且不宜低于40°C 。
(4) 拌合完毕的EPS 板胶粘剂和聚合物抹面胶浆每隔15min 搅拌一次，
lh 内使用
完毕。
(5) 施工前应按常温规定检查基层施工质量，并确保干燥、尤结冰、霜冻。
(6) EPS 板粘贴应保证有效粘贴面积大千50% 。
(7) EPS 板粘贴完毕后，应养护至表10-37 、表10-38 规定强度后方可进行面层薄抹
灰施工。
EPS 板现浇混凝土外墙外保温系统和EPS 外钢丝网架板现浇混凝土外墙外保温系统
冬期施工应符合下列规定：

--- PDF页1717 ---
10. 1 
冬期施工措施与要求
367 
(1) 施工前应经过试验确定负温混凝土配合比。选择合适的混凝土防冻剂。
(2) EPS 板内外表面应预先在暖棚内喷刷界面砂浆。
(3) EPS 板现浇混凝土外墙外保温系统和EPS 外钢丝网架板现浇混凝土外墙外保温
系统的外抹面层施工应符合本手册第10. 1. 11 节的有关规定，抹面抗裂砂浆中可掺入非氯
盐类砂浆防冻剂。
(4) 抹面层厚度应均匀，钢丝网应完全包于抹面层中；分层抹灰时，底层灰不得受
冻，抹灰砂浆在硬化初期应采取保温措施。
其他施工技术要求应符合现行行业标准《外墙外保温工程技术标准》
JGJ
144 的相关
规定。
10. 1. 12 
机电安装工程冬期措施与要求
10. 1. 12. 1 
一般规定
机电安装工程冬期施工时，室内温度不得低于5°C 。当不能满足上述要求时，应采取
保温防护措施。
冬期施工所用的保温材料要求其保温性能好、就地取材，个别材料要求具有良好的防
火性能。
在负温下进行管道的制作和安装时，应按照负温施工的要求，编制管道制作工艺流程
和安装专项施工方案文件。
施工现场严禁使用裸线。露天布施的电缆要腾空挂起，防止电线冻结在冰雪中。
场内的水泵房、库房等设施要做好保温，进入冬期施工前，完成对消火栓、水龙头、
管道的保温防冻措施。
布设或调整现场的施工用水、消防用水管线时，优先采取埋设入地的方式，埋置深度
以管线深于冰冻线为限，同时做好保温。
室外管道沟槽回填时，槽底至管顶以上500mm 范围内，土中不得含有机物、冻土以
及大千50mm 的砖、石等硬块，管顶以上500mm 范围以外可均匀掺入冻土，其数量不得
超过填土总体积的15%, 且冻块尺寸不得超过100mm 。
10. 1. 12. 2 
给水排水及供暖工程
给水排水管道施工时，管内严禁存水，防止冻裂。管道焊接要做好焊前预热及焊后缓
冷措施。
在气温低千0°C 焊接时，应对焊接部位进行预热，焊件在始焊处100mm 范围内预热
到15°C 以上，预热采取氧乙炊火焰预热，预热温度测鼠使用远红外测温仪测量。
PPR 管道系统热熔时间若环境温度低千5°C 时，加热时间应延长50%, 管件和管材
连接必须避免直对通风口方向。如环境温度低千— 5°C 不宜进行安装施工。
PP-R 管、
PVC 管存在一定低温脆性，冬期施工要当心，切管时要用锋利刀具缓慢切
割。对已安装的管道不能重压、敲击，必要时对易受外力部位覆盖保护。
当环境温度低于— 20°C 施焊时，管道焊接必须搭设防护棚，防护棚采用型钢及阻燃篷
布搭设，以提高焊接环境温度及防风沙。
在环境温度低千5°C 的情况下，阀门试压应在防护棚内进行，并保证棚内温度高千
5°C 。阀门试压完毕后，应将水及时排除，防止冻裂。

--- PDF页1718 ---
368 
10 
季节性施工
所有停用的机械设备，应排净其存水，如水暖用手动试压泵，要组织清除积水。
施工中的临时管线埋设深度应在冰冻线以下，外露的水管应用保温材料包扎起来，免
遭冻裂。
室内供暖系统在冬季投入运行，运行前必须做好一切准备，水源、电源保证正常供
给，且排水等工具齐备。
管道水压试验冬期施工措施：
(1) 在环境温度低于5°C 的环境下，如不采取措施严禁进行管道水压试验。
(2) 冬期内，管道水压试验时可在试压介质中加入防冻剂。
(3) 试压完毕后，必须将管道内积水放尽，排水阀敞开，不允许管道内有水过夜。
(4)
当试压介质温度低于管道材料的脆性转变温度时，试压介质必须加温。
(5) 凡已通水的管道必须采用保温措施。
10. 1. 12. 3 
电气工程
施工现场的所有电气设备在冬期施工前进行全面检查及维修，保证不塌陷、不漏水、
不积水，并加强相应的保温措施，防止设备和仪表的损坏。
制作电缆终端头、中间接头时，现场环境温度应保持在5°C 以上。
电气设备工作间、配电室严禁使用热光源，临时照明电源绝缘检测应合格。
真空泵、滤油机等机械在冬期不用时，必须将油、水放净，防止泵体和管路冻裂。
油箱、容器及油泵内的油料冻结时，应用热水或蒸汽化冻，严禁用火烤。
冬期电缆轴应放在适宜温度的地方，防止电缆冻裂，电缆敷设时环境温度不得低于电
缆的使用条件。
施工用钢丝绳、电焊软线、氧气带、乙快带及气压表，收工后应妥善处理，以免冷脆
断裂、老化。
施工用电应有良好的接地、接零保护以及安装漏电保护器，现场临时用电电缆宜架空
敷设，禁止电缆在雪、水中浸泡，开关箱应防雨、雪。
采用电弧焊焊接时，风速等于或大于8m/s; 气体保护焊接时，风速等于或大于2m/s
时，如没采取适当的防护措施时，应立即停止焊接工作。
10. 1. 12. 4 
通风与空调工程
管道焊接时，应保证焊接区不受恶劣天气影响。当环境温度较低时应采取适当措施
（如预热、暖棚、加热），保证焊接所需的足够温度。焊条应烘干后放入保温桶内。
安装过程中所用的塑料管必须妥善保管，避免露天存放，由千积雪覆盖而导致管线变
脆，影响工程质最。使用空气压缩机将空调机组、风机盘管内存水吹除干净，防止冻裂
盘管。
矫直合格后的钢材在运输及上墙安装过程中，裸钢管在绳索处要加防滑隔垫或防滑卡
具。如构件上有积雪、结冰、结露时，要清理干净，并不得破坏锁锌层。
焊接件与埋件焊接，在0°C 以下时应设引弧板和熄弧板，严禁在焊接母材上引弧。采
用两层焊接，竖向焊缝巾下往上逐层堆焊，两道接横向焊缝由中心向两边焊，焊接方向要
一致，先焊横向焊缝，再焊竖向焊缝。每条焊缝应一次焊完，不得中断。如果发生中断，
再次焊接时，先清除焊接缺陷，检查合格后再进行施焊。
在焊接过程中，如下雪需搭设防护棚，雪花不得飘落在炽热的焊缝上。

--- PDF页1719 ---
10. 1 
冬期施工措施与要求
369 
在温度低于0°C 涂刷防锈漆、银粉漆时，要清除焊缝表面的焊渣等杂物，并进行涂刷
工艺的试验，根据室外温度的实际情况，在焊接结束后的合适时间内进行涂刷。要做到温
度不得过高或完全冷却，以保证涂层的粘结强度和附着力。
由于各种原因引起的漏刷，以及雪天或构件上有薄冰，要在清理干净的基础上用热风
烘干。
在环境温度低千5°C 的环境下不采取措施严禁进行管道水压试验，如若采用气压试
验，应编制安全专项方案并严格执行。
应尽可能增加预制量，减少现场的组焊工作显。
10. 1. 13 
越冬工程维护措施与要求
10. 1. 13. 1 
一般规定
对于有供暖要求，但却不能保证正常供暖的新建工程、跨年施工的在建工程以及停
建、缓建工程等，在入冬前均应编制越冬维护方案。
越冬工程保温维护，应就地取材，保温层的厚度应由热工计算确定。
在制定越冬工程维护措施之前，应认真检查核对有关工程地质、水文、当地气温资料
以及地基土的冻胀特征和最大冻结深度等资料。
施工场地和建筑物周围应做好排水，地基和基础不得被水浸泡。
在山区坡地建造的I程，入冬前应根据地表水流动的方向设置截水沟、泄水沟，但不
得在建筑物底部设置暗沟和盲沟疏水。
凡按供暖要求设计的房屋竣工后，应及时供暖，室内温度不得低于5°C 。当不能满足
上述要求时，应采取越冬防护措施。
在靠近地下车库坡道出入口处的消防、给水管道保温措施（电伴热保温等）应可靠
有效。
10. 1. 13. 2 
在建工程
在冻胀土地区建造房屋基础时，应按设计要求做防冻害处理。当设计无要求时，应按
下列规定进行：
(1)
当采用独立式基础或桩基时，基础梁下部应进行掏空处理。强冻胀性土可预留
200mm, 弱冻胀性土可预留
l00,...__,150mm,
空隙两侧应用立砖挡土回填。
(2)
当采用条形基础时，可在基础侧壁回填厚度为
150,...__,zoomm 的混砂、炉渣贴一
层油纸，其深度宜为800,...__,120mm 。
设备基础、构架基础、支墩、地下沟道及地墙等越冬工程，均不得在巳冻结的土层上
施工，且应进行维护。
支撑在基土上的雨篷、阳台等悬臂构件的临时支柱，当入冬后不能拆除时，其支点应
采取保温防冻胀措施。
水塔、烟囡、烟道等构筑物基础在入冬前应回填至设计标高。
室外地沟、阀门井、检查井等除应回填至设计标高外，尚应覆盖盖板进行越冬维护。
供水、供热系统试水、试压后，不能立即投入使用时，在入冬前应将系统内的存、积
水排净。
地下室、地下水池在入冬前应按设计要求进行越冬维护。当设计无要求时，应采取下

--- PDF页1720 ---
370 
10 
季节性施工
列措施：
(1) 基础及外赔侧面回填土应填至设计标高，当不具备回填条件时，应填充松土或炉
渣进行保温。
(2)
内部残积水应排净，底板应采用保温材料覆盖，覆盖厚度应由热工计算确定。
10. 1. 13. 3 
停、缓建工程
冬期停、缓建I程越冬停工时的停留位置应符合下列规定：
(1) 混合结构可停留在基础上部地梁位詈、楼层间的圈梁或楼板上皮标高位置。
(2) 现浇混凝土框架应停留在施工缝位置。
(3) 烟囡、冷却塔或筒仓宜停留在基础上皮标高或简身任何水平位置。
(4) 混凝土水池底部应按施工缝要求确定，并应设有止水设施。
巳开挖的基坑或基槽不宜挖至设计标高，应预留200~300mm 土层；越冬时，应对
基坑或基槽保温维护，保温层厚度可按《建筑工程冬期施工规程》
JGJ/T 104—2011 附录
C 计算确定。
混凝土结构工程停、缓建时，入冬前混凝土的强度应符合下列规定：
(1) 越冬期间不承受外力的结构构件，除应符合设计要求外，尚应符合《建筑工程冬
期施工规程》JGJ/T 104—2011 第6. 1. 1 条规定。
(2) 装配式结构构件的整浇接头，不得低千设计强度等级值的70% 。
(3) 预应力混凝土结构不应低千混凝土设计强度标准值的75% 。
(4) 升板结构应将柱帽浇筑完毕，混疑土应达到设计要求的强度等级。
对千各类停、缓建的基础工程，顶面均应弹出轴线，标注标高后，用炉渣或松土回填
保护。
装配式厂房柱子吊装就位后，应按设计要求嵌固好；已安装就位的屋架或屋面梁，应
安装上支撑系统，并按设计要求固定。
不能起吊的预制构件，除应符合《建筑工程冬期施工规程》
JGJ/T
104—2011 第
10. 1. 2 条规定外，尚应弹上轴线、作记录。外露铁件涂刷防锈油漆，螺栓应涂刷防腐油
进行保护。
对千有沉降要求的建（构）筑物，应会同有关部门作沉降观测记录。
现浇混凝土框架越冬，当裸露时间较长时，除按设计要求留设伸缩缝外，尚应根据建
筑物长度和温差留设后浇缝。后浇缝的位置，应与设计单位研究确定。后浇缝伸出的钢筋
应进行保护，待复工后应经检查合格方可浇筑混凝土。
屋面工程越冬可采取下列简易维护措施：
(1) 在已完成的基层上，做一层卷材防水，待气温转暧复工时，经检查认定该层卷材
没有起泡、破裂、皱折等质最缺陷时，方可在其上继续铺贴上层卷材。
(2) 在已完成的基层上，当基层为水泥砂浆无法继续做卷材防水施工时，可在其上刷
一层冷底子油，涂一层热沥青玛缔脂做临时防水，但雪后应及时清除积雪。当气温转暖
后，经检查认定该层玛琦脂没有起层、空鼓、龟裂等质晕缺陷时，可在其上涂刷热沥青玛
琦脂铺贴卷材防水层。
所有停、缓建丁程均应由施工单位、建设单位和工程监理部门，对已完工程在入冬前
进行检查和评定，并应作记录，存入工程档案。

--- PDF页1721 ---
10.2 
雨期施工
371 
停、缓建工程复工时，应先按图纸对标高、轴线进行复测，并应与原始记录对应检
查，当偏差超出允许限值时，应分析原因，提出处理方案，经与设计、建设、监理单位等
商定后，方可复工。
10. 2
雨期施工
南方广大地区，每年都有较长的雨期。在这些地区，采取雨期施工措施，对千保证工
程进度和质量有着重要意义。
10. 2. 1 
雨期施工准备
10. 2. 1. 1 
气象资料
雨期施工的起止时间：当日降水屈大于等于10mm 时，即为一个雨日。应当采取雨
期施工措施，保证现场施工质量和安全，使工程施工顺利进行。
各地历年降雨情况，根据当地历年降雨资料，按照下列原则确定雨期的起始和终止
时间：
(1) 雨期开端日的确定：从开端B
C 作为第ld) 算起往后2d 、
3d 、……、
lOd 的雨
日天数，占相应时段内天数的比例均大千等于50% 。
(2) 雨日结束期的确定：从结束日（作为第
ld) 算起往前2d 、
3d 、……、
lOd 的雨
日天数，占相应时段内天数的比例均大于等于50% 。
(3) 一个雨期中（开端日至结束日）任何lOd 的雨日比例均大于等于40%,
且没有
连续5d
C 含5d)
以上的非雨日。
全国部分城市各月平均降水趾见表10-39 。
全国部分城市各月平均降水量
(mm)
表10-39
月份
城市
1 
2 
3 
4 
5 
6 
7 
8 
9 
10 
11 
12 
北京
3.0 
7.4 
8. 6 
19. 4 
33. 1 
77. 8 
192. 5 
212. 3 
57.0 
10.0 
6. 6 
2.6 
天津
3. 1 
6.0 
6.4 
21. 0 
30.6 
69.3 
189.8 
162. 4 
43.4 
10. 9 
9. 3 
3. 6 
石家庄
3.2 
7.8 
11. 4 
25. 7 
33. 1 
49. 3 
139. 0 
168. 5 
58. 9 
31. 7 
17.0 
4. 5 
太原
3. 0 
6.0 
10. 3 
23.8 
30. 1 
52.6 
118. 3 103.6 
64.3 
30. 8 
13. 2 
3.4 
呼和浩特
3.0 
6.4 
10. 3 
18.0 
26. 8 
45. 7 
102. 1 
126.4 
45. 9 
10.4 
7. 1 
1.3 
沈阳
7. 2 
8.0 
12. 7 
39.9 
56. 3 
88. 5 
196. 0 
168.5 
82. 1 
44.8 
19.8 
10.6 
长春
3. 5 
4. 6 
9. 1 
21. 9 
42. 3 
90. 7 
183.5 
127. 5 
61. 4 
33. 5 
11. 5 
4. 4 
哈尔滨
3. 7 
4. 9 
11. 3 
23.8 
37. 5 
77. 9 
160. 7 
97. 1 
66.2 
27. 6 
6. 8 
5.8 
上海
44.0 
62. 6 
78. 1 
106. 7 
122. 9 
158.9 134.2 126.0 
150. 5 
50. 1 
48.8 
40. 9 
南京
30.9 
50. l 
72. 7 
93. 7 
100.2 
167.4 
183. 6 
111.3 
95. 9 
46. 1 
48.0 
29.4 
杭州
62.2 
88. 7 
114. 1 130.4 
179.9 
196.2 
126. 5 
136. 5 
177. 6 
77. 9 
54. 7 
54.0 
合肥
31. 8 
49.8 
75.6 
102.0 101. 8 
117. 8 
174. 1 
119. 9 
86.5 
51. 6 
48.0 
29.7 
福州
49.8 
76.3 
120.0 
149. 7 
207.5 
230.2 
112. 0 
160.5 
131. 4 
41. 5 
33. 1 
31. 6 

--- PDF页1722 ---
372 
10 
季节性施工
续表
月份
城市
1 
2 
3 
4 
5 
6 
7 
8 
9 
10 
11 
12 
南昌
58.3 
95. 1 
163.9 
225.5 
301. 9 291. 1 
125. 9 103.2 
75.8 
55. 4 
53.0 
47.2 
济南
6.3 
10. 3 
15. 6 
33.6 
37. 7 
78.6 
217.2 152.4 
63. 1 
38. 0 
23.8 
8. 6 
台北
86.5 
100. 4 139.4 
118. 7 201. 6 283.3 
167. 3 250. 7 275. 4 
107.4 
70. 8 
68.2 
郑州
8. 6 
12. 5 
26.8 
53. 7 
42.9 
68.0 
154.4 119. 3 
71.0 
43. 8 
30.5 
9.5 
武汉
34. 9 
59. 1 
103.3 
140.0 161. 9 209. 5 156.2 
119. 4 
76.2 
62.9 
50. 5 
30. 7 
长沙
59. 1 
87. 8 
139.8 201. 6 230.8 188.9 
112. 5 116. 9 
62. 7 
81. 4 
63.0 
51. 5 
广州
36.9 
54. 5 
80. 7 
175.0 
293.8 
287.8 
212. 7 232. 5 
189. 3 
69.2 
37.0 
10. 7 
南宁
38. 0 
36.4 
54.4 
89. 9 
186.8 
232.0 
195. 1 215. 5 118. 9 
69.0 
37.8 
26.9 
海口
23.6 
30.4 
52.0 
92.8 
187. 6 
241. 2 
206. 7 239.5 
302. 8 
174.4 
97.6 
38.0 
成都
5. 9 
10. 9 
21. 4 
50. 7 
88.6 
111. 3 235. 5 234. 1 118. 0 
46. 4 
18. 4 
5. 8 
重庆
20. 7 
20.4 
34.9 
105. 7 
160.0 
160. 7 176. 7 137. 7 
148. 5 
96. 1 
50. 6 
26.6 
贵阳
19.2 
20.4 
33. 5 
109.9 
194.3 
210.0 
167.9 
137.8 
93.8 
96.6 
53. 5 
23.8 
昆明
11. 6 
11. 2 
15. 2 
21. 2 
93.0 
183. 7 
212.3 
202.2 
119. 5 
85.0 
38. 6 
13.0 
拉萨
0. 2 
0.5 
l. 5 
5.4 
25.4 
77. 1 
129.5 
138. 7 
56.3 
7. 9 
1. 6 
0. 5 
西安
7. 6 
10.6 
10. 6 
52.0 
63. 2 
52. 2 
99.4 
71. 7 
98.3 
62.4 
31. 5 
6. 7 
兰州
1. 4 
2.4 
8. 3 
17. 4 
36. 2 
32. 5 
63.8 
85.3 
49. 1 
10. 7 
5.4 
1. 3 
西宁
1.0 
1.8 
4. 6 
20. 2 
44. 8 
49. 1 
80. 7 
81. 6 
55. 1 
10. 9 
3. 4 
0. 9 
银川
1.1 
2.0 
6 .. 0 
12.4 
14. 8 
19. 9 
43.6 
55.9 
27.3 
14.0 
5.0 
o. 7 
乌鲁木齐
8. 7 
10. 6 
21. 3 
34. 1 
35. 1 
39. 3 
21. 5 
23. 6 
25.8 
10.4 
18. 6 
14. 6 
注：以上资料出自中国国家气象局，仅供参考。
10. 2. 1. 2 
施工准备
雨期施工主要解决雨水的排除，其原则是上游截水、下游散水；坑底抽水、地面排
水。规划设计时，应根据各地历年最大降雨鼠和降雨时期，结合各地地形和施工要求通盘
考虑。
雨期到来之前应编制雨期施工方案。
雨期到来之前应对所有施工人员进行雨期施工安全、质量交底，并做好交底记录。
雨期到来之前，应组织一次全面的施工安全、质量大检查，主要检查雨期施工措施落
实情况、物资储备情况，清除一切隐患，对不符合雨期施工要求的要限期整改。
做好项目上的施工进度安排，室外管线工程、大型设备的室外焊接工程等应尽量避开
雨期。露天堆放的材料及设备要垫离地面一定的高度，防潮设备要有毡布覆盖，防止H 晒
雨淋。施工道路要用级配砂石铺设，防止雨期道路泥汗，交通受阻。
施工机具要统一规划放置，要搭设必要的防雨棚、防雨罩，并垫起一定高度，防止受
潮而影响生产。雨期施工所有用电设备，不允许放在低洼的地方，防止被水浸泡。雨期前
对现场配电箱、电缆临时支架等仔细检查，需加固的及时加固。缺盖、罩、门的及时补
齐，确保用电安全。

--- PDF页1723 ---
10.2.2
设备材料防护
10.2.2.1 
土方工程
1. 排水要求
10.2 
雨期施工
373 
(1) 坡顶应做散水及挡水墙，四周做混凝土路面，保证施工现场水流畅通，不积水，
周边地区不倒灌。
(2) 基坑内，沿四周挖砌排水沟、设集水井，泵抽至市政排水系统，排水沟设置在基
础轮廓线以外，排水沟边缘应离开坡脚大于等千0. 3m。排水设备优先选用离心泵，也可
用潜水泵。
2. 土方开挖
(1) 土方开挖施工中，基坑内临时道路上铺渣土或级配砂石，保证雨后通行不陷。
(2) 雨期土方工程需避免浸水泡槽，一旦发生泡槽现象，必须进行处理。
(3) 雨期时加密对基坑的监测频次，确保基坑安全。
3. 土方回填
(1) 土方回填应避免在雨天进行施工。
(2) 严格控制土方的含水率，含水率不符合要求的回填土，严禁进行回填，暂时存放
在现场的回填士，用塑料布覆盖防雨。
(3)
回填过程中如遇雨，用塑料布覆盖，防止雨水淋湿巳穷实的部分。雨后回填前认
真做好填土含水率测试工作，含水率较大时将土铺开腺晒，待含水率测试合格后方可
回填。
10. 2. 2. 2 
基坑支护工程
1. 土钉墙施工
(1) 需防止雨水稀释拌制好的水泥浆。
(2) 在强度未达到设计要求时，需采取防止雨水冲刷的措施。
(3)
自然坡面需防止雨水直接冲刷，遇大雨时可覆盖塑料布。
(4) 机电设备要经常检查接零、接地保护，所有机械棚要搭设严密，防止漏雨，随时
检查漏电装置功能是否灵敏有效。
(5) 砂子、石子、水泥进场后必须使用塑料布覆盖避免雨淋。
2. 护坡桩施工
(1) 为防止雨水冲刷桩间土，随着土方开挖，需及时维护好桩间土。
(2) 需注意到坑内的降雨积水可能会对成桩机底座下的土层形成浸泡，从而影响到成
桩机械的稳定性及桩身的垂直度。
3. 描杆施工
(1) 需防止雨水稀释拌制好的水泥浆。
(2) 需注意描杆周围雨期渗水冲刷对描杆铀固力的影响，并及时采取有效的补救
措施。
10.2.2.3 
钢筋工程
钢筋的进场运输应尽最避免在雨天进行。
雨后钢筋视情况进行防锈处理，不得把锈蚀的钢筋用千结构上。

--- PDF页1724 ---
374 
10 
季节性施工
若遇连续时间较长的阴雨天，对钢筋及其半成品等需采用塑料薄膜进行覆盖。
大雨时应避免进行钢筋焊接施丁。小雨时如有必须施工部位应采取防雨措施以防触电
事故发生，可采用雨布或塑料布搭设临时防雨棚，不得让雨水淋在焊点上，待完全冷却
后，方可撤掉遮盖，以保证钢筋的焊接质量。
雨后要检查基础底板后浇带，清理干净后浇带内的积水，避免钢筋锈蚀。
10.2.2.4 模板工程
雨天使用的木模板拆下后应放平，以免变形。钢模板拆下后应及时清理、刷隔离剂
（遇雨应覆盖塑料布），大雨过后应重新刷一遍。
模板拼装后应尽快浇筑混凝土，防止模板遇雨变形。若模板拼装后不能及时浇筑混凝
土，又被雨水淋过，则浇筑混凝土前应重新检查、加固模板和支撑。
制作模板用的多层板和木方要堆放整齐，且须用塑料布覆盖防雨，防止被雨淋而变
形，影响其周转次数和混凝土的成型质量。
10. 2. 2. S 
混凝土工程
雨期搅拌混疑士要严格控制用水量，应随时测定砂、石的含水率，及时调整混凝土配
合比，严格控制水灰比和塌落度。雨期浇筑混凝土应适当减小塌落度，必要时可将混凝土
强度等级提高半级或一级。
随时接听、搜集气象预报及有关信息，应尽屉避免在雨天进行混凝土浇筑施工，大雨
和暴雨天不得浇筑混凝土。小雨可以进行混凝土浇筑，但浇筑部位应进行覆盖。
底板大体积混凝土施工应避免在雨天进行。如突然遇到大雨或暴雨，不能浇筑混凝土
时，应将施工缝设置在合理位置，并采取适当措施，已浇筑的混凝土用朔料布覆盖。
雨后应将模板表面淤泥、积水及钢筋上的淤泥清除掉，施工前应检查板、墙模板内是
否有积水，若有积水应清理后再浇筑混凝土。
雨期如果高温、阴雨造成温差变化较大，要特别加强对混凝土振捣和拆模时间的控
制，依据高温天气混凝上凝固快，阴雨天混凝土强度增长慢的特点，适当调整拆模时间以
保证混凝土施工质量的稳定性。
混凝土中掺加的粉煤灰应注意防雨、防潮。
10. 2. 2. 6 
脚手架工程
脚手架基础座的基土必须坚实，立杆下应设垫木或垫块，并有可靠的排水设施，防止
积水浸泡地基。
遇风力6 级以上（含六级）强风和高温、大雨、大雾、大雪等恶劣天气，应停止脚手
架搭设与拆除作业。风、雨、雾、雪过后要检查所有的脚手架、井架等架设工程的安全情
况，发现倾斜下沉、松扣、崩扣要及时修复，合格后方可使用。每次大风或大雨后，必须
组织人员对脚手架、龙门架及基础进行复查，有松动应及时处理。
要及时对脚手架进行清扫，并要采取防滑和防雷措施，钢脚手架、钢垂直运输架均应
可靠接地，防雷接地电阻不大于10[2 。高于四周建筑物的脚手架应设避雷装置。
雨期要及时排除架子基底积水，大风暴雨后要认真检查，发现立杆下沉、悬空、接头
松动等问题应及时处理，并经验收合格后方可使用。
10. 2. 2. 7 
砌筑工程
施工前，准备足够的防雨应急材料（如油布、塑料薄膜等）。尽榄避免砌体被雨水冲

--- PDF页1725 ---
10. 2 
雨期施工
375 
刷，以免砂浆被冲走，影响砌体的质最。
对砖堆应加以保护，淋雨过湿的砖不得使用，以防砌体发生溜砖现象。
雨后砂浆配合比按实验室配合比凋整为施工配合比，水泥用量不变，其计算公式
如下：
施工配合比中砂用量：
S = Ssy +s X a 
(10-17) 
施工配合比中水用鼠：
W = Wsy-SXa 
(10-18) 
式中
Ssy 
实验室配合比中砂用量；
S 
施工配合比中砂用鼠；
Wsy 
实验室配合比中水用厨
W 
施工配合比中水用量；
a 
砂子含水率。
每天的砌筑高度不得超过1. 2m, 收工时应覆盖砌休表面。确实无法施工时，可留接
搓缝，但应做好接缝的处理工作。
雨后继续施工时，应复核砌体垂直度。
遇大雨或暴雨时，砌体工程应停止施工。
10. 2. 2. 8 
钢结构工程
高强度螺栓、焊丝、焊条全部入仓库，保证不漏、不潮，下面应架空通风，四周设排
水沟，避免积水。雨天不进行高强度螺栓的作业。
露天存放的钢构件下面应用木方垫起避免被水浸泡，并在周围挖排水沟以防积水。
在仓库内保管的焊接材料，要保证与墙、地面不小千300mm 的距离，室内要通风干
燥，以保证焊接材料在干燥的环境下保存。电焊条使用前应烘烤，但每批焊条烘烤次数不
超过2 次。所有的电焊机底部必须架空，严禁焊机放置位置有积水。雨天严禁焊接作业。
涂料应存放在专门的仓库内，不得使用过期、变质、结块失效的涂料。
设专职值班人员，保证昼夜有人值班并做好值班记录，同时要设置天气预报员，负责
收听和发布天气悄况。
氧气瓶、乙快瓶在室外放置时，放入专用钢筋笼，并加盖。
电焊机设置地点应防潮、防雨、防晒，并放入专用的钢筋笼中。雨期室外焊接时，为
保证焊接质最，施焊部位都要有防雨棚，雨天没有防雨措施不准施焊。
因降雨等原因使母材表面潮湿（相对湿度大千80%) 或大风天气，不得进行露天焊
接，但焊工及被焊接部分如果被充分保护且对母材采取适当处置（如预热、去潮等）时，
可进行焊接。
雨水淋过的构件，吊装之前应将摩擦面上的水擦拭干净。
现场施工人员一律穿着防滑鞋，严禁穿凉鞋、拖鞋。及时清扫构件表面的积水。
大雨天气严禁进行构件的吊运以及人工搬运材料和设备等工作。
雨天校正钢结构的测量设备需要进行防雨保护，测鼠的数据要在晴天复测。
环境相对湿度大千80% 及下雨期间禁止进行涂装作业。
露天涂装构件，要时刻注意观察涂装前后的天气变化，尽量避免刚涂装完毕就下雨造
成油漆固化缓慢，影响涂装质量。
潮湿天气进行涂装，要用气泵吹干构件表面，保持构件表面达到涂装要求。

--- PDF页1726 ---
376 
10 
季节性施工
防火喷涂作业禁止在雨中施工。
10. 2. 2. 9 
防水工程
防水涂料在雨天不得施工，不宜在夏季太阳暴晒下和后半夜潮露时施工。
夏季屋面如有露水潮湿，应待其干燥后方可铺贴卷材。
10. 2. 2. 10 
屋面工程
保温材料应采取防雨、防潮的措施，并应分类堆放，防止混杂。
金属板材堆放地点宜选择在安装现场附近，堆放应平坦、坚实且便千排除地面水。
保温层施工完成后，应及时铺抹找平层，以减少受潮和浸水，尤其在雨期施工，要采
取遮盖措施。
雨天不得施工防水层，油毡瓦保温层严禁在雨天施工。材料应在环境温度不高千
45°C 的条件下保管，应避免雨淋、日晒、受潮，并应注意通风和避免接近火源。
10. 2. 2. 11 
装饰装修工程
1. 一般规定
(1)
中雨、大雨或五级以上大风天气不得进行室外装饰装修工程的施工。水溶性涂料
应避免在烈日或高温环境下施工；硅酮密封胶、结构胶、胶粘剂等材料施丁应按照使用要
求监测环境温度和空气相对湿度；空气相对湿度过高时应考虑合理的工序技术间歇时间。
(2) 抹灰、粘贴饰面砖、打密封胶等粘结工艺的雨期施工，尤其应保证基体或基层的
含水率符合施工要求。
(3) 雨期进行外墙外保温的施工，所用保温材料的类型、品种、规格及施工工艺应符
合设计要求。应采取有效措施避免保温材料受潮，保持保温材料处于干燥状态。
(4) 雨期室外装饰装修工程施工过程中应做好半成品的保护，大风、雨天应及时封闭
外窗及外墙洞口，防止室内装修面受潮、受淋产生污染和损坏。
2. 外墙贴面砖工程
(1) 基层应清洁，含水率小于9% 。外墙抹灰遇雨冲刷后，继续施工时应将冲刷后的
灰浆铲掉，重新抹灰。
(2) 水泥砂浆终凝前遇雨冲刷，应全面检查砖粘结程度。
3. 外墙涂料工程
(1) 涂刷前应注意基层含水率小千8%; 环境温度不宜低千+ l0°C' 相对湿度不宜大
于60% 。
(2) 腻子应采用耐水性腻子。使用的腻子应坚实牢固，不得粉化、起皮和裂纹。
(3) 涂装施工过程中应注意气候变化。当遇有大风、雨、雾情况时不可施工。当涂刷
完毕，但漆膜未干即遇雨时应在雨后重新涂刷。
(4) 外墙抹灰在雨期时控制基层及材料含水率。外墙抹灰遇雨冲刷后，继续施工时应
将冲刷后的灰浆铲掉，重新抹灰。
4. 木饰面涂饰清色油漆
(1) 木饰面涂饰清色油漆时，不宜在雨天进行且应保证室内干燥。
(2)
阴雨天刮批腻子时，应用干布将施涂表面水气擦拭干净，保证表面干燥，并根据
天气情况，合理延长腻子干透时间，一般情况以2~3d 为宜。可在油漆中加入一定量化臼
粉，吸收空气中的潮气。

--- PDF页1727 ---
10.2 雨期施工
377 
(3) 必须等头遍油漆干透后方可进行二遍油漆涂刷。油漆涂刷后应保持通风良好，使
施涂表面同时干燥。
5. 内墙涂饰工程
(1)
内墙混凝土或抹灰基层涂刷溶剂型涂料时，含水率不得大于8%; 涂刷乳液型
时，含水率不得大千8% 。木材基层的含水率不得大于8% 。
(2)
阴雨天刮批腻子时，应用干布将墙面水气擦拭干净，并根据天气情况，合理延长
腻子干透时间，一般情况以2~3d 为宜。
(3) 采用防水腻子施工，使涂料与基层之间粘结更牢固，不容易脱落，同时避免因潮
湿导致的墙面泛黄。
(4) 雨期对于墙面乳胶漆的影响不太大，第一遍涂料刷完后进行墙体干燥的时间，一
般情况间隔2h 左右，雨天可根据天气及现场情况作适当延长。
10.2.2.12 
建筑安装工程
1. 水暖工程
（］）材料及机具准备：提前准备好雨靴、雨布、水泵等防雨材料和用具。
(2) 提前做好路面，修好路边排水沟，做到有组织排水以保证水流畅通、雨后不滑不
陷、现场不存水。
(3) 管材要做好防腐，架空码放，以防锈蚀。室外埋地和架空管道要定时检查基础支
撑，发现问题应及时处理。
(4) 露天存放保温材料要架空码放，下方垫朔料布，上方用雨布覆盖，能入库尽量入
库保管。所有机械棚要搭设严密，防止漏雨，机电设备采取防雨、防淹措施，安装接地装
置，机动电闸箱的漏电保护装置要安全可靠。
(5) 对现场各类排水管井、管道进行疏通。准备水泵放在集水坑内，及时将地下室内
雨水排出。
(6) 进行露天管道焊接工程施工时应注意以下几点：
1) 对受雨淋而锈蚀的管材应除锈。
2) 雨期施工防止焊条、焊药受潮，如不慎受潮，应烘干后方可使用。
3) 刮风时（风速大千8m/s,
五级风），需采取挡风措施。
2. 电气工程
(1) 将现场所有用电设备、机具、电线、电缆等的绝缘电阻及塔式起重机、脚手架的
接地电阻测试完毕并做好记录。
(2) 每天加强现场巡视，重点是配电箱内的电器是否完好、漏电开关是否动作、接线
是否压接牢固、电缆线是否过热等。
(3) 发现问题应及时处理并做好记录，不能处理时应及时向上反映。
(4) 严格执行临时用电施工组织所有规定。现场用电必须按照《施工现场临时用电安
全技术规范》
JGJ 46~2005 的规定实施。
(5) 在雨期施工前，对现场所有动力及照明线路、供配电电气设施进行一次全面检
查，对线路老化、安装不良、瓷瓶裂纹、绝缘性降低以及漏跑电现象，必须及时修理或更
换，严禁使用。
(6) 配电箱要采取防雨、防潮、防淹、防雷等措施，外壳要做接地保护。

--- PDF页1728 ---
378 
10 季节性施工
(7) 现场的脚手架、塔式起重机外用电梯及高于15m 的机具设备，均应设置避雷装
置，并应经常检查和摇测。
(8) 接地体的埋深不小千800mm, 垂直接地体的长度不小于2. 5m, 接地体的断面按
电气专业设计要求埋设。
(9) 各种电气动力设备必须经常进行绝缘、接地、接零保护的摇测，发现问题应及时
处理，严禁带隐患运行。动力设备的接地线不得与避雷地线一起安放。接地线如因某种原
因必须拆除时，必须先做好新的接地线后再进行操作。
(10) 线路架设及避雷系统敷设时，要掌握气象预报情况，严禁在雷电降雨天气作业。
10.2.3 
排水、防（雨）水
高于地面的施工现场只要相应的排水渠道不使场内积水即可，低于地面的基坑排水只
要确定相应流量就可选用相匹配的水泵和组织人工排水。
1. 水泵选型原则
(1) 使所选泵的型式和性能符合装置流量、扬程、轴功率、转速、效率、汽蚀余最等
工艺参数的要求。
(2) 必须满足介质特性的要求。
对输送易燃、易爆有毒或贵重介质的泵，要求轴封可靠或采用无泄漏泵，如磁力驱动
泵、隔膜泵、屏蔽泵。
对输送腐蚀性介质的泵，要求对流部件采用耐腐蚀性材料，如AFB 不锈钢耐腐蚀泵、
CQF 工程塑料磁力驱动泵。
(3) 机械方面可靠性高、噪声低、振动小。
(4) 经济上要综合考虑设备费、运转费、维修费和管理费的总成本最低。
2. 水泵的选择
(1) 流匮是选泵的重要性能数据之一，它直接关系到整个装置的生产能力和输送能
力。选择泵时，以最大流戴为依据，兼顾正常流最，在没有最大流最时，通常可取正常流
量的
1. 1 倍作为最大流量。
(2) 装置系统所需的扬程是选泵的又一重要性能数据，一般要用放大5%~10% 余擞
后扬程来选型。
(3) 液体性质，包括液体介质名称，物理性质，化学性质和其他性质，物理性质有温
度c 、密度d 、黏度u, 介质中固体颗粒直径和气休的含量等，这涉及系统的扬程、有效
汽蚀余量计算和合适泵的类型。化学性质，主要指液体介质的化学腐蚀性和毒性，是选用
泵材料和选用轴封型式的重要依据。
(4) 装置系统的管路布置条件指的是送液高度、送液距离、送液走向、吸入侧最低液
面、排出侧最高液面等一些数据和管道规格及其长度、材料、管件规格、数量等，以便进
行系统扬程计算和汽蚀余晕的校核。
(5) 操作条件的内容很多，如饱和蒸汽力P 、吸入侧压力PS (绝对）、排出侧容器
压力PZ、海拔高度、环境温度操作是间隙的还是连续的、泵的位置是固定的还是可
移的。

--- PDF页1729 ---
10. 2 
雨期施工
879 
10. 2. 4
防
雷
10.2.4. 1 
避雷针的设置
1. 安装避雷针是防止直击雷的主要措施
当施工现场位于山区或多雷地区，变电所、配电所应装设独立避雷针。正在施工建造
的建筑物，当高度在20m 以上应装设避雷针。施工现场内的塔式起重机、井字架及脚手
架机械设备，若在相邻建筑物、构筑物的防雷装置的保护范围以外，则应安装避雷针。若
在最高机械设备上装有避雷针，且保证最后退出现场，则其他设备可不设避雷针。
2. 施工现场机械设备需安装避雷针的规定
避雷针的接闪器一般选用</>16mm 圆钢，长度为1~2m, 其顶端应制成锥尖。接闪器
须采用热锁锌。
机械设备上的避雷针的防雷引下线可利用该设备的金属结构体，但应保证电气连接。
机械设备所有的动力、控制、照明、信号及通信等线路，应采用钢管敷设。钢管与机械设
备的金属结构体作焊接以保证其接地通道的电气连接。
10. 2. 4. 2 
避雷器
装设避雷器是防止雷电侵入波的主要措施。
高压架空线路及电力变压器高压侧应装设避雷器，避雷器的安装位置应尽可能靠近变
电所。避雷器宜安装在高压熔断器与变压器之间，以保护电力变压器线路免千遭受雷击。
避雷器可选用FS-10 型阀式避雷器，杆上避雷器应排列整齐、高低一致。
lOkV 避雷器安
装的相间距离不小于350mm。避雷器引线应力求做到短直、张弛适度、连接紧密，其引
上线一般采用16m面的铜芯绝缘线，引下线一般采用25m面的钢芯绝缘软线。
避雷器防雷接地引下线采用“三位一体”的接线方式，即：避雷器接地引下线、电力
变压器的金属外壳接地引下线和变压器低压侧中性点引下线三者连接在一起，然后共同与
接地装置相连接。这样，当高压侧落雷使避雷器放电时，变压器绝缘上所承受的电压，即
为避雷器的残压，能减少高、低压绕组间和高压绕组对变压器外壳之间发生绝缘击穿的
危险。
在多雷区变压器低压出线处，应安装一组低压避雷器，以用来防止由于低压侧落雷或
由千正、反变换电压波的影响而造成低压侧绝缘击穿事故。低压避雷器可选用FS 系列低
压阀式避雷器或FYS 型低压金属氧化物避雷器。
尚应注意，避雷器在安装前及在用期的每年三月份应作预防性试验。经检验证实处千
合格状态方可投入使用。
此外，配电所的低压架空进线或出线处，宜将绝缘子铁脚与配电所接地装置用
</>8 圆
钢相连接。这样做的H 的也是防止雷电侵入波。
10. 2. 4. 3 
防止感应雷击的措施
防止感应雷击的措施是将被保护物接地。
遵照《电气装置安装工程
接地装置施工及验收规范》
GB 50169—2016 的要求，建
筑物在施工过程中，其避雷针（网、带）及其接地装置，应采取自下而上的施工程序，即
首先安装集中接地装置，然后安装引下线，最后安装接闪器。建筑物内的金属设备、金属
管道、结构钢筋均应做到有良好的接地。这样做可保证建筑物在施工过程中防止感应雷。

--- PDF页1730 ---
380 
10 
季节性施工
高度在20m 以上施工用的大钢模板，就位后应及时与建筑物的接地装置连接。
10. 2. 4. 4 
接地装置
众所周知，避雷装置是由接闪器（或避雷器）、引下线的接地装置组成。而接地装置
由接地极和接地线组成。
独立避雷针的接地装置应单独安装，与其他保护的接地装置的安装分开，且保持有
3m 以上的安全距离。
除独立避雷针外，在接地电阻满足要求的前提下，防雷接地装置可以和其他接地装置
共用。接地极宜选用角钢，其规格为40mmX 40mmX 4mm 及以上；若选用钢管，直径应
不小千50mm, 其壁厚不应小千3. 5mm。垂直接地极的长度应为2. 5m; 接地极间的距离
为5m; 接地极埋入地下深度，接地极顶端要在地下0.8m 以下。接地极之间的连接是通
过规格为40mmX4mm 的扁钢焊接。焊接位置距接地极顶端50mm 。焊接采用搭接焊。扁
钢搭接长度为宽度的2 倍，且至少有3 个棱边焊接。扁钢与角钢（或钢管）焊接时，为了
保证连接可靠，应事先在接触部位将扁钢弯成直角形（或弧形），再与角钢（或钢管）
焊接。
接地极与接地线应选用锁锌钢材，其将埋于地下的焊接处应涂沥青防腐。
10.2.4.5 
工频接地电阻
建筑施工现场内所有施工用的设备、装置的防雷装置的工频接地电阻值不得大于
30!1 。而建筑物防雷装置的工频接地电阻值应满足施工图的设计要求。
10. 2. 5
防台风
成立以项目经理为首的防台风领导小组，并在接到气象台发布的台风预警后，现场立
即停止施工。
台风到来之前，对现场排水系统进行全面检查，确保排水系统通畅、有效。
现场要根据各自的具体情况备足抢险物资和救生器材。
对现场所有大型机械进行检查。塔式起重机必须保证可以自由旋转，塔身附着装置无
松动、无开焊、无变形。塔式起重机的避雷设施必须确保完好有效，塔式起重机电源线路
必须切断。塔身存有易坠物、设有标牌和横幅的应全部清除。
施工临时用电必须符合标准规范要求，尤其要做好各配电箱的防雨措施，所有施工现
场在台风期间要全部停止供电。
将脚手架上杂物清除，并检查脚手架的拉结点是否有效，及时整改。检查脚手架底部
基础是否坚实，排水是否通畅。
对现场的临时设施进行全面检查，根据检查情况进行维护和加固，对不能保证人身安
全的，要坚决予以拆除，防止坰塌。
施工单位须有专人24h 值班，主动与气象台联系，随时掌握台风变化情况，并进行通
报，根据台风变化调整应对措施。
当气象中心解除台风警报后，施工单位应首先对现场大型机械、临时水电、脚手架等
进行全面检查，维护和加固完成后再复工。

--- PDF页1731 ---
10.3 
暑期施工
381 
10. 3
暑
期
施
工
10.3.1
暑期施工概念
最高气温超过35°C, 现场施工必须采取防暑降温的措施，对施工人员也要进行必要
的防暑降温措施，暑期施工包括对施工现场的技术措施和对施工人员身体健康的关注。
全国主要城市平均气温见表10-40, 全国主要城市历年最高及最低气温见表10-41 。
全国主要城市平均气温
C°C)
表10-40
月份
城市
气温
1 
2 
3 
4 
5 
6 
7 
8 
9 
10 
11 
12 
北京
—4. 6 —2.2 
4. 5 
13. l 
19. 8 
10.0 
25.8 
10. 4 
19.4 
12.4 
4. 1 
-2. 7 
天津
—4.0 —1. 6 
5.0 
13. 2 
20. 0 
10. 1 
26.4 
25. 5 
20.8 
13. 6 
5. 2 
—1. 6 
石家庄
—2. 9 ~o. 4 
6. 6 
14. 6 
20. 9 
23.6 
26.6 
25.0 
20.3 
13. 7 
5. 7 
—0.9 
太原
—6.6 —3. 1 
3. 7 
11. 4 
17. 7 
21. 7 
23. 5 
21. 8 
16. 1 
9. 9 
2. 1 
—4. 9 
呼和浩特
-13. 1 —9.0 -o. 3 
7. 9 
15. 3 
20. 1 
21. 9 
20. 1 
13.8 
6. 5 
—2. 7 —11. 0 
沈阳
—12.0 —8.4 
0. 1 
9. 3 
16. 9 
21. 5 
10. 6 
23. 5 
17.2 
9.4 
0.0 
—8. 5 
长春
—16.4 —12. 7 —3. 5 
6. 7 
15.0 
20. 1 
23. 0 
21. 3 
15. 0 
6.8 
—3. 8 -12. 8 
哈尔滨
—19.4 —15.4 —4. 8 
6.0 
14. 3 
20.0 
22. 8 
21. 1 
14.4 
5. 6 
-5. 7 —15. 6 
上海
3. 5 
4. 6 
8. 3 
14.0 
18. 8 
23. 3 
27.8 
27. 7 
23.6 
18.0 
12. 3 
6.2 
南京
2.0 
3.8 
8.4 
14.8 
19. 9 
10. 5 
28.0 
27.8 
22. 7 
16. 9 
10. 5 
4. 4 
杭州
3. 8 
5. 1 
9.3 
15.4 
20.0 
10. 3 
28. 6 
28.0 
23. 3 
17. 7 
12. 1 
6.3 
合肥
2. 1 
4.2 
9.2 
15.5 
20. 6 
25.0 
28. 3 
28.0 
22. 9 
17.0 
10. 6 
4. 5 
福州
10.5 
10. 7 
13. 4 
18. 1 
22. 1 
25. 5 
28.8 
28.2 
26. 0 
21. 7 
17. 5 
13. 1 
南昌
5. 0 
6.4 
10.9 
17. 1 
21. 8 
25. 7 
29. 6 
29.2 
10. 8 
19. 1 
13. 1 
7. 5 
济南
—1.4 
1.1 
7. 6 
15. 2 
21. 8 
26. 3 
27.4 
26.2 
21. 7 
15. 8 
7. 9 
1.1 
台北
14. 8 
15.4 
17.5 
21. 5 
10. 5 
26. 6 
28. 6 
28.3 
26. 8 
23.6 
20. 3 
17. 1 
郑州
-o. 3 
2. 2 
7.8 
14.9 
21. 0 
26. 2 
27. 3 
25.8 
20. 9 
15. 1 
7. 8 
1. 7 
武汉
3. 0 
5.0 
10. 0 
16. 1 
21. 3 
25. 7 
28.8 
28.3 
23.3 
17.5 
11. 1 
5.4 
长沙
4. 7 
6.2 
10.9 
16. 8 
21. 6 
25. 9 
29.3 
28. 7 
10.2 
18.5 
12.5 
7. 1 
广州
13. 3 
14.4 
17. 9 
21. 9 
25.6 
27.2 
28.4 
28. 1 
26. 9 
23. 7 
19.4 
15. 2 
南宁
12.8 
14. 1 
17. 6 
22.0 
26.0 
27.4 
28.3 
27.8 
26. 6 
23.3 
18. 6 
14. 7 
海口
17.2 
18. 2 
21. 6 
10. 9 
27. 4 
28. 1 
28.4 
27. 7 
26.8 
10.8 
21. 8 
18. 7 
成都
5. 5 
7.5 
12. 1 
17.0 
20. 9 
23. 7 
25. 6 
25. 1 
21. 2 
16.8 
11. 9 
7. 3 
重庆
7. 2 
8. 9 
13. 2 
18.0 
21. 8 
10. 3 
27. 8 
28.0 
22. 8 
18.2 
13. 3 
8. 6 
贵阳
4. 9 
6. 5 
11. 5 
16. 3 
19. 5 
21. 9 
10.0 
23.4 
20.6 
16. 1 
11. 4 
7. 1 
昆明
7. 7 
9. 6 
13. 0 
16. 5 
19. 1 
19.5 
19.8 
19. 1 
17. 5 
14.9 
11. 3 
8. 2 

--- PDF页1732 ---
882 
10 
季节性施工
月份
城市
气温
1 
2 
3 
4 
5 
6 
7 
8 
拉萨
—2. 2 
1.0 
4.4 
8. 3 
12. 3 
15.3 
15. 1 
14. 3 
西安
—1.0 
2. 1 
8. 1 
14. 1 
19. 1 
25.2 
26. 6 
25. 5 
兰州
-6. 9 —2. 3 
5. 2 
11. 8 
16. 6 
20.3 
22. 2 
21. 0 
西宁
—8. 4 -4. 9 
1.9 
7. 9 
12.0 
15.2 
17. 2 
16. 5 
银川
—9.0 —4. 8 
2.8 
10. 6 
16. 9 
21. 4 
23. 4 
21. 6 
乌鲁木齐
—14. 9 -12. 7 -0. l 
11. 2 
18. 8 
23.5 
25.6 
10.0 
全国主要城市历年最高及最低气温
C°C)
城市
最高气温
最低气温
城市
北京
41. 5 
—9. 1 
武汉
西安
42.9 
—8. 9 
福州
昆明
31. 5 
~s. 4 
唐山
海口
40.5 
2.8 
杭州
重庆
44.0 
—3.8 
成都
大连
35.3 
~20. 1 
哈尔滨
广州
38. 7 
。
兰州
南京
43.0 
-14 
西宁
宁波
39.4 
—10 
银川
青岛
35.4 
—16 
乌鲁木齐
上海
40. 2 
—12. 1 
呼和浩特
深圳
38. 7 
0. 2 
石家庄
天津
39.9 
—18.3 
长春
温州
41. 3 
—4. 5 
沈阳
10.3.2
暑期施工措施
10. 3. 2. 1 
混凝土工程施工
续表
9 
10 
11 
12 
12. 7 
8. 3 
2. 3 
—1.7 
19.4 
13. 7 
6. 6 
0. 7 
15.8 
9.4 
1. 7 
—5.5 
12. 1 
6.4 
—0.8 
-6. 7 
16.0 
9. 1 
0. 9 
-6. 7 
17.4 
8. 2 
—1. 9 —11. 7 
表10-41
最高气温
最低气温
44.5 
-18 
42.3 
—1. 2 
32. 9 
—14.8 
40. 8 
-12. 7 
43. 7 
-21. 1 
36.4 
—38. 1 
36.0 
-12 
33.0 
—16 
36.0 
—14 
47. 8 
—41. 5 
36. 9 
—32.8 
36.0 
—10.0 
38.0 
—36.5 
34. 6 
—30.6 
暑期高温天气会对混凝土浇筑施工造成负面影响，消除这些负面影响的施工措施，要
着重对混凝土分项工程施工进行计划与安排。
高温天气不仅仅是指夏季环境温度较高的情况，而是下述情形的任意组合：
(1)
高的外界环境温度。
(2) 高的混凝土温度。
(3) 低的相对湿度。
(4)
较大风速。
(5)
强的阳光照射。

--- PDF页1733 ---
10.3 
暑期施工
383 
在混凝土浇筑过程中，因温度变化而导致混疑土收缩产生的早期裂痕也相当严重。即
使天气温度是相同的，有风、有阳光的天气与无风、潮湿的天气相比，施工中应采取更为
严格的预防性的措施。
1. 高温天气下对混凝土浇筑的影响
(1) 对混凝土搅拌的影响
1) 拌合水措的增加。
2) 混凝土流动性下降快，因而要求现场施工水量增加。
3) 混凝土凝固速率的增加，从而增加了摊铺、压实及成形的困难。
4) 控制气泡状空气存在于混凝土中的难度增加。
(2) 混凝土固化过程的影响
1)
因为较高的含水量、较高的混凝土温度，将导致混凝土28d 和后续强度的降低，
或者是混凝土凝固过程中及初凝过程中混凝土强度的降低。
2)
因整体结构冷却或不同断面温度的差异，使得固化收缩裂缝以及温度裂缝产生的
可能性增加。
3)
由千水合速率或水中黏性材料比率的不同，会导致混凝土表面摩擦度的变化，如
颜色差异等。
4) 高含水量、不充分的养护、碳酸化、轻骨料或不适当的骨料混合比例，可导致混
凝土渗透性增加。
2. 高温天气下混凝土浇筑施工措施
(1) 商品混凝土的措施，此部分由商品混凝土厂家完成混凝土的降温工作，表现为以
下儿点：
1) 冷却混凝土拌合水，降低混凝土温度。
通过降低拌合水的温度可以使混凝土冷却至理想温度，采用该种方法，混凝土温度的
最大降幅可以达到6°C 。但是在施工过程中应注意冷却水的加入量不能超过混凝土拌合水
的需求量，需求量的多少与混凝土骨料的湿度和配合比例有关。
2) 用冰替代部分拌合水。
用冰替代部分拌合水可以降低混凝土温度，其降低温度的幅度受到用冰替代拌合水数
量的限制，对于大多数混凝土，可降低的最大温度为11°C 。为了保证正确的配合比例，
应对加入混凝土中冰的重量进行称重。如果采用冰块进行冷却，需要使用粉碎机将块冰粉
碎，然后加入至混凝土搅拌器中。
3) 粗骨料的冷却
粗骨料冷却的有效方法是用冷水喷洒或用大鼠的水冲洗。由于粗骨料在混凝土搅拌
过程中占有较大的比例，降低粗骨料
(1 土0. 5)°C 的温度，混凝土的温度可以降低
0. 5°C 。由千粗骨料可以被集中在简仓内或箱柜容器内，因此粗骨料的冷却可以在很短
时间内完成，在冷却过程中要控制水量的均匀性，以避免不同批次之间形成的温度差
异。骨料的冷却也可以通过向潮湿的骨料内吹空气来实现。粗骨料内空气流动可以加
大其蒸发址，从而使粗骨料降温在1°C 温度范围内。该方法的实施效果与环境温度、相
对湿度和空气流动的速度有关。如果用冷却后的空气代替环境温度下的空气，可以使
粗骨料降低re 。

--- PDF页1734 ---
384 
10 
季节性施工
4) 混凝土拌制和运输
混凝土拌制时应采取措施控制混凝土的升温，并一次控制附加水址，减小坰落度损
失，减少塑性收缩开裂。在混凝土拌制、运输过程中可以采取以下措施：使用减水剂或以
粉煤灰取代部分水泥以减小水泥用量，同时在混凝土浇筑条件允许的情况下增大骨料粒
径；混凝土拌合物的运输距离如较长，可以用缓凝剂控制混凝土的疑结时间，但应注意缓
凝剂的掺量应合理，对于大面积的混凝土地坪工程尤其如此；如需要较高坰落度的混凝土
拌合物，应使用高效减水剂。有些高效减水剂产生的拌合物其坰落度维持2h。高效减水
剂还能够减少拌合过程中骨料颗粒之间的摩擦，减缓拌合筒中的热积聚；在满足施工规范
要求的情况下，尽晕使用矿渣硅酸盐水泥、粉煤灰硅酸盐水泥；向骨料堆中洒水，降低混
凝土骨料的温度；如有条件用地下水或井水喷洒，冷却效果更好；在暑期或大体积混凝土
施工时，可以用冷水或冰块来代替部分拌合水；对于高温季节里长距离运输混凝土的情
况，可以考虑搅拌车的延迟搅拌，使混疑土到达工地时仍处于搅拌状态，混凝土浇筑过程
中，用麻袋或草袋覆盖泵管，严禁泵管暴晒，同时在覆盖物上浇水，降低混凝土入模温
度，明确混凝土温度降至规定要求的
10,.___,30°C 。
(2) 施工现场的施工方法与措施
暑期气温高、干燥快，新浇筑的混凝土可能出现凝结速度加快、强度降低等现象，这
时进行混凝土的浇筑、修整和养护等作业时应特别细心。在炎热气候条件下浇筑混凝土
时，要求配备足够的人力、设备和机具，以便及时应对预料不到的不利情况。
1) 检测运到工地上的混凝土的温度，混凝土温度应在10,.___,30°C,
如超过30°C,
则要
求搅拌站予以调节。
2) 暑期混凝土施工时，振动设备较易发热损坏，故应准备好备用振动器。
3) 与混凝土接触的各种工具、设备和材料等，如浇筑溜槽、输送机、泵管、混凝土
浇筑导管、钢筋和手推车等，不要直接受到阳光曝晒，并应检查其温度，如温度超过
40°C, 则对模板采取浇水降温等措施，使模板温度控制在5,.___,35°C 。
4) 浇筑混疑土地面时，应先湿润基层和地面边模。
5) 暑期浇筑混凝土应精心计划，混凝土应连续、快速地浇筑。混凝土表面如有泌水
时，要及时进行修整。
6)
当根据具体气候条件，发现混凝土有朔性收缩开裂的可能性时，应采取措施（如
喷洒养护剂、麻袋覆盖等），以控制混凝土表面的水分蒸发。混凝土表面水分蒸发速度如
超过o. 5kg/ Cm2 /h) 就可能出现朔性收缩裂缝；当超过1. Okg/ (m2 /h) 就需要采取适当措
施，如冷却混凝土，向表面喷水或采用防风措施等，以降低表面蒸发速度。
7) 应做好施工组织设计，以避免在日最高气温时浇筑混凝土。在高温干燥季节，晚
间浇筑混凝土受风和温度的影响相对较小，且可在接近H 出时终凝，而此时的相对湿度较
高，因而早期干燥和开裂的可能性最小。
3. 混凝土的养护
暑期浇筑的混凝土必须加强对混凝土的养护：
(1) 在修整作业完成后或混凝士初凝后立即进行养护。
(2) 优先采用庥袋覆盖养护方法，连续养护。在混凝土浇筑后的
1,.......,7d, 应保证混凝
土处于充分湿润状态，并应严格遵守国家标准规定的养护龄期。

--- PDF页1735 ---
10.4 
绿色施工
385 
(3)
当完成规定的养护时间后拆模时，最好为其表面提供潮湿的覆盖层。
10. 3. 2. 2 
暑期施工管理措施
成立夏季工作领导小组，由项目经理任组长，办公室主任担任副组长，对施工现场管
理和职工生活管理做到责任到人，切实改善职工食堂、宿舍、办公室、厕所的环境卫生，
定期喷洒杀虫剂，防止蚊、蝇滋生，杜绝常见病的流行。关心职工，特别是生产第一线和
高温岗位职工的安全和健康，对高温作业人员进行就业和入暑前的体格检查，凡检查不合
格者不得在高温条件下作业。认真督促检查，做到责任到人，措施得力，确实保证职工
健康。
做好用电管理，暑期是用电高峰期，定期对电气设备逐台进行全面检查、保养，禁止
乱拉电线，特别是对职工宿舍的电线及时检查，加强用电知识教育。
加强对易燃、易爆等危险品的贮存、运输和使用的管理，在露天堆放的危险品采取遮
阳降温措施。严禁烈日曝晒，避免发生泄露，杜绝一切自燃、火灾、爆炸事故。
10.3.2.3 暑期高温天气施工防暑降温措施
当气象台发布高温天气预告最高气温达35°C 以上（含35°C)
时，各工地应根据下列
要求，合理安排工人作息时间，确保工人劳逸结合、有足够的休息时间，但因人身财产安
全和公众利益需要，必须紧急处理或抢险的情况除外：
Cl) 
B 最高气温达到39°C 以上，当日应停止作业。
(2)
日最高气温达到37°C 以上，当B 工作时间不得超过4h 。
(3) B 最高气温达到35°C, 应采取换班轮休等方法，缩短工人连续作业时间，并不
得安排加班；12: 00,..____15: 
00 应停止露天作业（注：在没有降温设施的塔式起重机、挖
掘机等的驾驶室内作业视同露天作业）；因特殊情况不能停止作业的，
12:
00,..____15: 
00 工
人露天连续作业时间不得超过2h 。
防暑降温措施：
(1) 施工现场应视高温情况向作业人员免费供应符合卫生标准的含盐清凉饮料，饮料
种类包括盐汽水、凉茶和各种汤类等。
(2) 施I现场应设置休息场所，场所应能降低热辐射影响，内设有座椅、风扇等
设施。
(3) 改善集体宿舍的内外环境，宿舍内有必要的通风降温设施，确保作业人员的充分
休息，减少因高温天气造成的疲劳。
(4) 高温时段发现有身体感觉不适的作业职工，及时按防暑降温知识急救方法办理或
请厒生诊治。
10.4
绿色施工
10. 4. 1
雨期施工
施工前根据工程所处地理位置，了解现场所在地区的气象资料及特征，主要包括降雨
资料，如全年降雨扯、雨季起止日期、一日最大降雨量等。
结合雨期气候特征，合理选择施工方法、施工机械，合理安排施工顺序，布置施工场

--- PDF页1736 ---
386 
10 
季节性施工
地时充分考虑雨期气候特征，减少因雨期气候原因而带来施工措施、资源和能源用歙的增
加，有效降低施工成本，减少因为额外措施对施工现场及环境的干扰，改善施工现场环
境，提高工程施工质鼠。结合雨期气候，施工时主要采取的措施有以下内容。
1. 工程施工方面
(1) 尽可能合理安排施工顺序，使会受到不利气候影响的施工工序能够在不利气候来
临时完成。如在雨期来临之前完成土方［程、基础工程的施I,
以减少地下水位上升对施
工的影响，减少其他需要增加的额外雨期施工保证措施。
(2) 安排好全场性排水、防洪，减少雨水对现场及周边环境的影响。
(3) 结合雨期气候条件合理布置施工场地，符合劳动保护、安全、防火的要求。雨期
应针对工程特点，尤其是对土方工程、深基础［程、水下工程、混凝土工程和高空作业
等，选择适合的季节性施I方法或有效措施。
(4) 大雨天气不得进行露天拆除施工。
2. 环境保护方面
绿色施工应遵循以人为本、因地制宜、环保优先、资源高效利用的原则。施工现场各
类设施应统筹规划、合理布置并实施动态管理。施工中应减少土方开挖單及对土壤的扰
动。因施工而破坏的植被、造成的裸土应采取覆盖、绿化、抑尘剂固化等抑尘措施。施工
结束后，对临时占用的场地应及时腾退并恢复原貌。
3. 节水与水资源利用
有条件的地区和工程应收集雨水养护。
利用雨水收集系统对现场机具、设备、车辆冲洗、喷洒路面、绿化浇灌、屋面及卫生
间淋水蕾水试验、污水管道及雨水管道试验冲洗等。大型施工现场，在施工现场建立雨水
收集利用系统，充分收集自然降水用千施工和生活中适宜的部位。
10.4.2
暑期施工
施工前根据工程所处地理位置，了解现场所在地区气象资料及特征，主要包括：气温
资料，如年平均气温，最高、最低气温及持续时间等。
(1) 施工场地布置时应结合暑期气候，符合劳动保护、安全、防火的要求。
(2) 高温作业应采取有效措施，配备和发放防暑降温用品，合理安排作息时间。
(3) 炎热夏季施工中应针对工程特点，尤其对土方丁程、深基础工程、水下工程、混
凝土工程和高空作业等，选择适合的暑期施工方法或有效措施。
(4) 土石方工程开挖宜采用逆作法或半逆作法进行施工，施工中应采取通风和降温等
改善地下工程作业条件的措施。
(5) 现场喷涂硬泡聚氨酣时，环境温度宜为10~40°C,
空气相对湿度宜小千80%,
风力不宜大于3 级。
(6) 夏季炎热地区，由于太阳辐射原因，应在其外窗设置外遮阳，以减少太阳辐
射热。
(7) 建立太阳能收集系统，用来加热洗澡等方面的用水。
(8)
高温沙尘天气建议沙尘系统，防止环境污染。
